[{"model": "auth.group", "pk": 1, "fields": {"name": "services_member", "permissions": [["add_entity", "services", "entity"], ["change_entity", "services", "entity"], ["delete_entity", "services", "entity"], ["view_entity", "services", "entity"]]}}, {"model": "auth.group", "pk": 2, "fields": {"name": "service_admin", "permissions": [["add_area", "services", "area"], ["change_area", "services", "area"], ["delete_area", "services", "area"], ["view_area", "services", "area"], ["add_ayadat", "services", "ayadat"], ["change_ayadat", "services", "ayadat"], ["delete_ayadat", "services", "ayadat"], ["view_ayadat", "services", "ayadat"], ["add_entity", "services", "entity"], ["change_entity", "services", "entity"], ["delete_entity", "services", "entity"], ["view_entity", "services", "entity"], ["add_law", "services", "law"], ["change_law", "services", "law"], ["delete_law", "services", "law"], ["view_law", "services", "law"], ["add_letter", "services", "letter"], ["change_letter", "services", "letter"], ["delete_letter", "services", "letter"], ["view_letter", "services", "letter"], ["add_service", "services", "service"], ["change_service", "services", "service"], ["delete_service", "services", "service"], ["view_service", "services", "service"]]}}, {"model": "auth.group", "pk": 3, "fields": {"name": "admin_all", "permissions": [["add_logentry", "admin", "logentry"], ["change_logentry", "admin", "logentry"], ["delete_logentry", "admin", "logentry"], ["view_logentry", "admin", "logentry"], ["add_group", "auth", "group"], ["change_group", "auth", "group"], ["delete_group", "auth", "group"], ["view_group", "auth", "group"], ["add_permission", "auth", "permission"], ["change_permission", "auth", "permission"], ["delete_permission", "auth", "permission"], ["view_permission", "auth", "permission"], ["add_user", "auth", "user"], ["change_user", "auth", "user"], ["delete_user", "auth", "user"], ["view_user", "auth", "user"], ["add_contenttype", "contenttypes", "contenttype"], ["change_contenttype", "contenttypes", "contenttype"], ["delete_contenttype", "contenttypes", "contenttype"], ["view_contenttype", "contenttypes", "contenttype"], ["add_area", "services", "area"], ["change_area", "services", "area"], ["delete_area", "services", "area"], ["view_area", "services", "area"], ["add_ayadat", "services", "ayadat"], ["change_ayadat", "services", "ayadat"], ["delete_ayadat", "services", "ayadat"], ["view_ayadat", "services", "ayadat"], ["add_entity", "services", "entity"], ["change_entity", "services", "entity"], ["delete_entity", "services", "entity"], ["view_entity", "services", "entity"], ["add_law", "services", "law"], ["change_law", "services", "law"], ["delete_law", "services", "law"], ["view_law", "services", "law"], ["add_letter", "services", "letter"], ["change_letter", "services", "letter"], ["delete_letter", "services", "letter"], ["view_letter", "services", "letter"], ["add_service", "services", "service"], ["change_service", "services", "service"], ["delete_service", "services", "service"], ["view_service", "services", "service"], ["add_session", "sessions", "session"], ["change_session", "sessions", "session"], ["delete_session", "sessions", "session"], ["view_session", "sessions", "session"]]}}, {"model": "auth.user", "pk": 1, "fields": {"password": "pbkdf2_sha256$320000$pfQq12VUrieMopRwvUZeap$Kqyzd2UKOYdYLTaQwoJQgHsYL3fd4UdYeotMgPwH/Vw=", "last_login": "2022-10-26T09:14:33.609Z", "is_superuser": true, "username": "hio", "first_name": "", "last_name": "", "email": "ahmedsayed124680@gmail.com", "is_staff": true, "is_active": true, "date_joined": "2022-10-22T16:08:39Z", "groups": [], "user_permissions": []}}, {"model": "auth.user", "pk": 2, "fields": {"password": "pbkdf2_sha256$320000$K0l8K2qb7B16xZlaMtKUzs$5bm8k9LlDW5UTnj4DDaYitzVt6X0yeGkj9nllGGHvl8=", "last_login": "2022-10-26T08:35:53.713Z", "is_superuser": false, "username": "ahmed_Azo", "first_name": "احمد", "last_name": "محمود محمد", "email": "Azo@aswanhio.com", "is_staff": false, "is_active": true, "date_joined": "2022-10-23T08:30:56Z", "groups": [["services_member"]], "user_permissions": []}}, {"model": "auth.user", "pk": 3, "fields": {"password": "pbkdf2_sha256$390000$6W6gguVaanGYflmacEjWjX$QiTZUkiuVDi5mkM5lVXYL1UqhW+QfP2SDl2o3GoOY0U=", "last_login": "2022-10-23T08:39:55Z", "is_superuser": false, "username": "yousef_shaban", "first_name": "يوسف", "last_name": "شعبان", "email": "yousef_shaban@aswanhio.com", "is_staff": false, "is_active": true, "date_joined": "2022-10-23T08:35:16Z", "groups": [["services_member"], ["service_admin"]], "user_permissions": []}}, {"model": "auth.user", "pk": 4, "fields": {"password": "pbkdf2_sha256$390000$arXnqfVIm2YdBQGhL4MA3F$obrVGeUAFd19V2hNFC+IZuTsLZfGVtfBlfn6pXGYcZc=", "last_login": null, "is_superuser": false, "username": "shimaa_admin", "first_name": "شيماء", "last_name": "-", "email": "shima@aswanhio.com", "is_staff": false, "is_active": true, "date_joined": "2022-10-23T08:37:44Z", "groups": [["admin_all"]], "user_permissions": []}}, {"model": "services.area", "pk": 1, "fields": {"is_deleted": false, "created_at": "2022-10-22T20:17:39.790Z", "created_at_date": "2022-10-22", "updated_at": "2022-10-22T20:17:39.790Z", "updated_at_date": "2022-10-22", "name": "اسوان"}}, {"model": "services.area", "pk": 2, "fields": {"is_deleted": false, "created_at": "2022-10-22T20:17:44.767Z", "created_at_date": "2022-10-22", "updated_at": "2022-10-22T20:17:44.767Z", "updated_at_date": "2022-10-22", "name": "كوم امبو"}}, {"model": "services.area", "pk": 3, "fields": {"is_deleted": false, "created_at": "2022-10-22T20:17:48.576Z", "created_at_date": "2022-10-22", "updated_at": "2022-10-22T20:17:48.576Z", "updated_at_date": "2022-10-22", "name": "ادفو"}}, {"model": "services.area", "pk": 4, "fields": {"is_deleted": false, "created_at": "2022-10-22T20:17:56.207Z", "created_at_date": "2022-10-22", "updated_at": "2022-10-22T20:17:56.207Z", "updated_at_date": "2022-10-22", "name": "دراو"}}, {"model": "services.area", "pk": 6, "fields": {"is_deleted": false, "created_at": "2022-10-22T20:18:06.561Z", "created_at_date": "2022-10-22", "updated_at": "2022-10-22T20:18:06.561Z", "updated_at_date": "2022-10-22", "name": "نصر النوبة"}}, {"model": "services.area", "pk": 7, "fields": {"is_deleted": false, "created_at": "2022-10-25T22:08:04.672Z", "created_at_date": "2022-10-25", "updated_at": "2022-10-25T22:08:04.672Z", "updated_at_date": "2022-10-25", "name": "الكل"}}, {"model": "services.employee", "pk": 1, "fields": {"user": ["ahmed_Azo"], "area": 1}}, {"model": "services.employee", "pk": 2, "fields": {"user": ["hio"], "area": 7}}, {"model": "services.employee", "pk": 3, "fields": {"user": ["yousef_shaban"], "area": 7}}, {"model": "services.employee", "pk": 4, "fields": {"user": ["shimaa_admin"], "area": 7}}, {"model": "services.law", "pk": 1, "fields": {"is_deleted": false, "created_at": "2022-10-22T20:21:51.492Z", "created_at_date": "2022-10-22", "updated_at": "2022-10-22T20:21:51.492Z", "updated_at_date": "2022-10-22", "name": "موظفين"}}, {"model": "services.law", "pk": 2, "fields": {"is_deleted": false, "created_at": "2022-10-22T20:21:56.790Z", "created_at_date": "2022-10-22", "updated_at": "2022-10-22T20:21:56.790Z", "updated_at_date": "2022-10-22", "name": "معاشات"}}, {"model": "services.law", "pk": 3, "fields": {"is_deleted": false, "created_at": "2022-10-22T20:22:00.998Z", "created_at_date": "2022-10-22", "updated_at": "2022-10-22T20:22:00.998Z", "updated_at_date": "2022-10-22", "name": "طلاب"}}, {"model": "services.ayadat", "pk": 1, "fields": {"is_deleted": false, "created_at": "2022-10-22T20:18:41.621Z", "created_at_date": "2022-10-22", "updated_at": "2022-10-25T21:43:26.630Z", "updated_at_date": "2022-10-25", "name": "عيادة اسوان الشاملة - التاهيل", "area": 1, "is_letter": true}}, {"model": "services.ayadat", "pk": 2, "fields": {"is_deleted": false, "created_at": "2022-10-22T20:18:53.263Z", "created_at_date": "2022-10-22", "updated_at": "2022-10-25T21:43:09.767Z", "updated_at_date": "2022-10-25", "name": "عيادة طلاب مداس اسوان", "area": 1, "is_letter": true}}, {"model": "services.ayadat", "pk": 3, "fields": {"is_deleted": false, "created_at": "2022-10-25T21:43:42.062Z", "created_at_date": "2022-10-25", "updated_at": "2022-10-25T21:43:42.062Z", "updated_at_date": "2022-10-25", "name": "عيادة اسوان الشاملة - الاوقاف", "area": 1, "is_letter": true}}, {"model": "services.ayadat", "pk": 4, "fields": {"is_deleted": false, "created_at": "2022-10-25T21:44:00.309Z", "created_at_date": "2022-10-25", "updated_at": "2022-10-25T21:44:00.309Z", "updated_at_date": "2022-10-25", "name": "عيادة كوم امبو الشاملة", "area": 2, "is_letter": true}}, {"model": "services.ayadat", "pk": 5, "fields": {"is_deleted": false, "created_at": "2022-10-25T21:44:11.897Z", "created_at_date": "2022-10-25", "updated_at": "2022-10-25T21:44:11.897Z", "updated_at_date": "2022-10-25", "name": "عيادة طلاب كوم امبو", "area": 2, "is_letter": true}}, {"model": "services.ayadat", "pk": 6, "fields": {"is_deleted": false, "created_at": "2022-10-25T21:44:21.960Z", "created_at_date": "2022-10-25", "updated_at": "2022-10-25T21:44:21.960Z", "updated_at_date": "2022-10-25", "name": "عيادة ادفو الشاملة", "area": 3, "is_letter": true}}, {"model": "services.ayadat", "pk": 7, "fields": {"is_deleted": false, "created_at": "2022-10-25T21:44:32.758Z", "created_at_date": "2022-10-25", "updated_at": "2022-10-25T21:44:32.758Z", "updated_at_date": "2022-10-25", "name": "عيادة طلاب ادفو", "area": 3, "is_letter": true}}, {"model": "services.ayadat", "pk": 8, "fields": {"is_deleted": false, "created_at": "2022-10-25T21:44:43.693Z", "created_at_date": "2022-10-25", "updated_at": "2022-10-25T21:44:43.693Z", "updated_at_date": "2022-10-25", "name": "عيادة دراو الشاملة", "area": 4, "is_letter": true}}, {"model": "services.ayadat", "pk": 9, "fields": {"is_deleted": false, "created_at": "2022-10-25T21:44:52.677Z", "created_at_date": "2022-10-25", "updated_at": "2022-10-25T21:44:52.677Z", "updated_at_date": "2022-10-25", "name": "عيادة طلاب دراو", "area": 4, "is_letter": true}}, {"model": "services.ayadat", "pk": 10, "fields": {"is_deleted": false, "created_at": "2022-10-25T21:45:04.400Z", "created_at_date": "2022-10-25", "updated_at": "2022-10-25T21:45:04.400Z", "updated_at_date": "2022-10-25", "name": "عيادة نصر النوبة الشاملة", "area": 6, "is_letter": true}}, {"model": "services.ayadat", "pk": 11, "fields": {"is_deleted": false, "created_at": "2022-10-25T21:45:16.357Z", "created_at_date": "2022-10-25", "updated_at": "2022-10-25T21:45:16.358Z", "updated_at_date": "2022-10-25", "name": "عيادة طلاب نصر النوبة", "area": 6, "is_letter": true}}, {"model": "services.ayadat", "pk": 12, "fields": {"is_deleted": false, "created_at": "2022-10-25T21:45:30.502Z", "created_at_date": "2022-10-25", "updated_at": "2022-10-25T21:45:30.502Z", "updated_at_date": "2022-10-25", "name": "عيادة بنبان", "area": 2, "is_letter": false}}, {"model": "services.ayadat", "pk": 13, "fields": {"is_deleted": false, "created_at": "2022-10-25T21:45:39.203Z", "created_at_date": "2022-10-25", "updated_at": "2022-10-25T21:45:39.203Z", "updated_at_date": "2022-10-25", "name": "عيادة البصيلية", "area": 3, "is_letter": true}}, {"model": "services.ayadat", "pk": 14, "fields": {"is_deleted": false, "created_at": "2022-10-25T21:45:58.603Z", "created_at_date": "2022-10-25", "updated_at": "2022-10-25T21:45:58.603Z", "updated_at_date": "2022-10-25", "name": "عيادة السباعية", "area": 3, "is_letter": true}}, {"model": "services.entity", "pk": 1, "fields": {"is_deleted": false, "created_at": "2022-10-22T20:19:30.565Z", "created_at_date": "2022-10-22", "updated_at": "2022-10-22T20:19:30.565Z", "updated_at_date": "2022-10-22", "name": "مركز النيل للاشعة", "phone": "-", "address": "-"}}, {"model": "services.entity", "pk": 2, "fields": {"is_deleted": false, "created_at": "2022-10-22T20:19:49.243Z", "created_at_date": "2022-10-22", "updated_at": "2022-10-22T20:19:49.243Z", "updated_at_date": "2022-10-22", "name": "مستشفى اسوان الجامعي", "phone": "-", "address": "-"}}, {"model": "services.entity", "pk": 3, "fields": {"is_deleted": false, "created_at": "2022-10-22T20:19:57.400Z", "created_at_date": "2022-10-22", "updated_at": "2022-10-22T20:19:57.400Z", "updated_at_date": "2022-10-22", "name": "مركز د سليمان أحمد عثمان بأسوان", "phone": "-", "address": "-"}}, {"model": "services.entity", "pk": 4, "fields": {"is_deleted": false, "created_at": "2022-10-22T20:20:06.475Z", "created_at_date": "2022-10-22", "updated_at": "2022-10-22T20:20:06.475Z", "updated_at_date": "2022-10-22", "name": "مركز درة النيل لجراحات العيون بأسوان", "phone": "-", "address": "-"}}, {"model": "services.entity", "pk": 5, "fields": {"is_deleted": false, "created_at": "2022-10-22T20:21:18.722Z", "created_at_date": "2022-10-22", "updated_at": "2022-10-22T20:21:18.722Z", "updated_at_date": "2022-10-22", "name": "مركز اسوان للعيون والليزر", "phone": "-", "address": "-"}}, {"model": "services.entity", "pk": 6, "fields": {"is_deleted": false, "created_at": "2022-10-22T20:21:39.978Z", "created_at_date": "2022-10-22", "updated_at": "2022-10-22T20:21:39.978Z", "updated_at_date": "2022-10-22", "name": "دار الأشعة", "phone": "-", "address": "-"}}, {"model": "services.service", "pk": 1, "fields": {"is_deleted": false, "created_at": "2022-10-22T20:29:30.905Z", "created_at_date": "2022-10-22", "updated_at": "2022-10-22T20:29:30.905Z", "updated_at_date": "2022-10-22", "name": "فحص مجال ابصار للعين"}}, {"model": "services.service", "pk": 2, "fields": {"is_deleted": false, "created_at": "2022-10-22T20:30:37.657Z", "created_at_date": "2022-10-22", "updated_at": "2022-10-22T20:30:37.657Z", "updated_at_date": "2022-10-22", "name": "مقطعيه على العين OCT"}}, {"model": "services.service", "pk": 3, "fields": {"is_deleted": false, "created_at": "2022-10-22T20:30:49.913Z", "created_at_date": "2022-10-22", "updated_at": "2022-10-22T20:30:49.913Z", "updated_at_date": "2022-10-22", "name": "أشعة بالصبغة بالفلورسين (عين واحدة )"}}, {"model": "services.service", "pk": 4, "fields": {"is_deleted": false, "created_at": "2022-10-22T20:31:00.630Z", "created_at_date": "2022-10-22", "updated_at": "2022-10-22T20:31:00.630Z", "updated_at_date": "2022-10-22", "name": "أشعة بالصبغة بالفلورسين (عينان )"}}, {"model": "services.service", "pk": 5, "fields": {"is_deleted": false, "created_at": "2022-10-22T20:31:11.465Z", "created_at_date": "2022-10-22", "updated_at": "2022-10-22T20:31:11.466Z", "updated_at_date": "2022-10-22", "name": "أشعة مقطعية علي العين( عين واحد )"}}, {"model": "services.service", "pk": 6, "fields": {"is_deleted": false, "created_at": "2022-10-22T20:31:22.938Z", "created_at_date": "2022-10-22", "updated_at": "2022-10-22T20:31:22.938Z", "updated_at_date": "2022-10-22", "name": "أشعة مقطعية علي العين (عينان )"}}, {"model": "services.service", "pk": 7, "fields": {"is_deleted": false, "created_at": "2022-10-22T20:31:33.395Z", "created_at_date": "2022-10-22", "updated_at": "2022-10-22T20:31:33.395Z", "updated_at_date": "2022-10-22", "name": "موجات صوتية على العين (عين واحد )"}}, {"model": "services.service", "pk": 8, "fields": {"is_deleted": false, "created_at": "2022-10-22T20:31:42.870Z", "created_at_date": "2022-10-22", "updated_at": "2022-10-22T20:31:42.870Z", "updated_at_date": "2022-10-22", "name": "موجات صوتية على العين (عينان )"}}, {"model": "services.letter", "pk": 1, "fields": {"is_deleted": false, "created_at": "2022-10-22T20:37:13.950Z", "created_at_date": "2022-10-22", "updated_at": "2022-10-26T06:25:32.429Z", "updated_at_date": "2022-10-26", "name": "احمد محمد الحسن على", "naId": "2980504252201", "by_doctor": "ناهد محمود الحديدى", "law": 1, "ayada": 1, "diagnosis": "-", "description": "على العينين", "price": 0, "entity": 5, "created_by": "اسلام ابو الوفا محمد", "services": [1, 2, 3, 4, 5, 6, 7, 8]}}, {"model": "services.letter", "pk": 2, "fields": {"is_deleted": false, "created_at": "2022-10-22T22:25:51.101Z", "created_at_date": "2022-10-23", "updated_at": "2022-10-22T22:25:51.101Z", "updated_at_date": "2022-10-23", "name": "سششسسششس", "naId": "23549845212135", "by_doctor": "سشمنكمشس", "law": 1, "ayada": 1, "diagnosis": "منسشكمنكمشنس", "description": "طكمجحخمحكوشس", "price": 10, "entity": 1, "created_by": "احمد محمود محمد", "services": [3, 4]}}, {"model": "services.letter", "pk": 3, "fields": {"is_deleted": false, "created_at": "2022-10-23T00:56:05.800Z", "created_at_date": "2022-10-23", "updated_at": "2022-10-23T00:56:05.800Z", "updated_at_date": "2022-10-23", "name": "qweqw", "naId": "54656546456546", "by_doctor": "gfhgfh", "law": 2, "ayada": 2, "diagnosis": "-fghfgh", "description": "-fghgfh", "price": 12, "entity": 5, "created_by": "-saas", "services": [3, 4]}}, {"model": "services.letter", "pk": 4, "fields": {"is_deleted": false, "created_at": "2022-10-23T11:18:50.860Z", "created_at_date": "2022-10-23", "updated_at": "2022-10-23T11:18:50.860Z", "updated_at_date": "2022-10-23", "name": "احمد محمد حسن", "naId": "25468746845165", "by_doctor": "منتمنىمنى", "law": 1, "ayada": 1, "diagnosis": "سكبتمست", "description": "نةكنةكس", "price": 20, "entity": 1, "created_by": "-شسشس", "services": [1, 3, 5, 8]}}, {"model": "services.letter", "pk": 5, "fields": {"is_deleted": false, "created_at": "2022-10-24T06:49:21.061Z", "created_at_date": "2022-10-24", "updated_at": "2022-10-24T06:49:21.061Z", "updated_at_date": "2022-10-24", "name": "dfxgfdxg", "naId": "435324234", "by_doctor": "sdfsdfsd", "law": 1, "ayada": 1, "diagnosis": "-fdfgdg", "description": "-sdfgfjtyhj", "price": 12, "entity": 6, "created_by": "-", "services": [2, 5, 6]}}, {"model": "services.letter", "pk": 6, "fields": {"is_deleted": false, "created_at": "2022-10-24T08:34:46.490Z", "created_at_date": "2022-10-24", "updated_at": "2022-10-24T08:34:46.490Z", "updated_at_date": "2022-10-24", "name": "kljlj", "naId": "52313546531351", "by_doctor": "';;k;lff", "law": 1, "ayada": 1, "diagnosis": ";lk;lm;ls", "description": "kjpo;m;f", "price": 10, "entity": 6, "created_by": "-werewr", "services": [2, 5]}}, {"model": "services.letter", "pk": 7, "fields": {"is_deleted": false, "created_at": "2022-10-24T08:34:46.609Z", "created_at_date": "2022-10-24", "updated_at": "2022-10-24T08:34:46.609Z", "updated_at_date": "2022-10-24", "name": "kljlj", "naId": "52313546531351", "by_doctor": "';;k;lff", "law": 1, "ayada": 1, "diagnosis": ";lk;lm;ls", "description": "kjpo;m;f", "price": 10, "entity": 6, "created_by": "-werewr", "services": [2, 5]}}, {"model": "services.letter", "pk": 8, "fields": {"is_deleted": false, "created_at": "2022-10-25T18:44:46.523Z", "created_at_date": "2022-10-25", "updated_at": "2022-10-25T18:44:46.524Z", "updated_at_date": "2022-10-25", "name": "محمد حسن محمد على", "naId": "23165418641", "by_doctor": "كمتمننمنننلن", "law": 1, "ayada": 1, "diagnosis": "-شسةشستن", "description": "شسمنتمب", "price": 10, "entity": 5, "created_by": "-", "services": [1, 5, 7]}}, {"model": "services.letter", "pk": 9, "fields": {"is_deleted": false, "created_at": "2022-10-26T06:18:31.776Z", "created_at_date": "2022-10-26", "updated_at": "2022-10-26T06:25:59.997Z", "updated_at_date": "2022-10-26", "name": "محمد احمد على", "naId": "25465484654146", "by_doctor": "د", "law": 1, "ayada": 1, "diagnosis": "ألم بالعين", "description": "العين اليسرى", "price": 20, "entity": 4, "created_by": "اسلام ابو الوفا محمد", "services": [1]}}, {"model": "admin.logentry", "pk": 1, "fields": {"action_time": "2022-10-22T20:17:39.847Z", "user": ["hio"], "content_type": ["services", "ayadat"], "object_id": "1", "object_repr": "اسوان", "action_flag": 1, "change_message": "[{\"added\": {}}]"}}, {"model": "admin.logentry", "pk": 2, "fields": {"action_time": "2022-10-22T20:17:44.768Z", "user": ["hio"], "content_type": ["services", "ayadat"], "object_id": "2", "object_repr": "كوم امبو", "action_flag": 1, "change_message": "[{\"added\": {}}]"}}, {"model": "admin.logentry", "pk": 3, "fields": {"action_time": "2022-10-22T20:17:48.590Z", "user": ["hio"], "content_type": ["services", "ayadat"], "object_id": "3", "object_repr": "ادفو", "action_flag": 1, "change_message": "[{\"added\": {}}]"}}, {"model": "admin.logentry", "pk": 4, "fields": {"action_time": "2022-10-22T20:17:56.208Z", "user": ["hio"], "content_type": ["services", "ayadat"], "object_id": "4", "object_repr": "دراو", "action_flag": 1, "change_message": "[{\"added\": {}}]"}}, {"model": "admin.logentry", "pk": 5, "fields": {"action_time": "2022-10-22T20:18:00.934Z", "user": ["hio"], "content_type": ["services", "ayadat"], "object_id": "5", "object_repr": "كوم امبو", "action_flag": 1, "change_message": "[{\"added\": {}}]"}}, {"model": "admin.logentry", "pk": 6, "fields": {"action_time": "2022-10-22T20:18:06.562Z", "user": ["hio"], "content_type": ["services", "ayadat"], "object_id": "6", "object_repr": "نصر النوبة", "action_flag": 1, "change_message": "[{\"added\": {}}]"}}, {"model": "admin.logentry", "pk": 7, "fields": {"action_time": "2022-10-22T20:18:16.397Z", "user": ["hio"], "content_type": ["services", "ayadat"], "object_id": "5", "object_repr": "كوم امبو", "action_flag": 3, "change_message": ""}}, {"model": "admin.logentry", "pk": 8, "fields": {"action_time": "2022-10-22T20:18:41.623Z", "user": ["hio"], "content_type": ["services", "letter"], "object_id": "1", "object_repr": "عيادة اسوان الشاملة", "action_flag": 1, "change_message": "[{\"added\": {}}]"}}, {"model": "admin.logentry", "pk": 9, "fields": {"action_time": "2022-10-22T20:18:53.264Z", "user": ["hio"], "content_type": ["services", "letter"], "object_id": "2", "object_repr": "عيادو طلاب مداس اسوان", "action_flag": 1, "change_message": "[{\"added\": {}}]"}}, {"model": "admin.logentry", "pk": 10, "fields": {"action_time": "2022-10-22T20:19:30.679Z", "user": ["hio"], "content_type": ["services", "area"], "object_id": "1", "object_repr": "مركز النيل للاشعة", "action_flag": 1, "change_message": "[{\"added\": {}}]"}}, {"model": "admin.logentry", "pk": 11, "fields": {"action_time": "2022-10-22T20:19:49.243Z", "user": ["hio"], "content_type": ["services", "area"], "object_id": "2", "object_repr": "مستشفى اسوان الجامعي", "action_flag": 1, "change_message": "[{\"added\": {}}]"}}, {"model": "admin.logentry", "pk": 12, "fields": {"action_time": "2022-10-22T20:19:57.414Z", "user": ["hio"], "content_type": ["services", "area"], "object_id": "3", "object_repr": "مركز د سليمان أحمد عثمان بأسوان", "action_flag": 1, "change_message": "[{\"added\": {}}]"}}, {"model": "admin.logentry", "pk": 13, "fields": {"action_time": "2022-10-22T20:20:06.476Z", "user": ["hio"], "content_type": ["services", "area"], "object_id": "4", "object_repr": "مركز درة النيل لجراحات العيون بأسوان", "action_flag": 1, "change_message": "[{\"added\": {}}]"}}, {"model": "admin.logentry", "pk": 14, "fields": {"action_time": "2022-10-22T20:21:18.723Z", "user": ["hio"], "content_type": ["services", "area"], "object_id": "5", "object_repr": "مركز اسوان للعيون والليزر", "action_flag": 1, "change_message": "[{\"added\": {}}]"}}, {"model": "admin.logentry", "pk": 15, "fields": {"action_time": "2022-10-22T20:21:39.979Z", "user": ["hio"], "content_type": ["services", "area"], "object_id": "6", "object_repr": "دار الأشعة", "action_flag": 1, "change_message": "[{\"added\": {}}]"}}, {"model": "admin.logentry", "pk": 16, "fields": {"action_time": "2022-10-22T20:21:52.295Z", "user": ["hio"], "content_type": ["services", "service"], "object_id": "1", "object_repr": "موظفين", "action_flag": 1, "change_message": "[{\"added\": {}}]"}}, {"model": "admin.logentry", "pk": 17, "fields": {"action_time": "2022-10-22T20:21:56.791Z", "user": ["hio"], "content_type": ["services", "service"], "object_id": "2", "object_repr": "معاشات", "action_flag": 1, "change_message": "[{\"added\": {}}]"}}, {"model": "admin.logentry", "pk": 18, "fields": {"action_time": "2022-10-22T20:22:00.999Z", "user": ["hio"], "content_type": ["services", "service"], "object_id": "3", "object_repr": "طلاب", "action_flag": 1, "change_message": "[{\"added\": {}}]"}}, {"model": "admin.logentry", "pk": 19, "fields": {"action_time": "2022-10-22T20:29:30.907Z", "user": ["hio"], "content_type": ["services", "law"], "object_id": "1", "object_repr": "فحص مجال ابصار للعين", "action_flag": 1, "change_message": "[{\"added\": {}}]"}}, {"model": "admin.logentry", "pk": 20, "fields": {"action_time": "2022-10-22T20:30:37.658Z", "user": ["hio"], "content_type": ["services", "law"], "object_id": "2", "object_repr": "مقطعيه على العين OCT", "action_flag": 1, "change_message": "[{\"added\": {}}]"}}, {"model": "admin.logentry", "pk": 21, "fields": {"action_time": "2022-10-22T20:30:49.914Z", "user": ["hio"], "content_type": ["services", "law"], "object_id": "3", "object_repr": "أشعة بالصبغة بالفلورسين (عين واحدة )", "action_flag": 1, "change_message": "[{\"added\": {}}]"}}, {"model": "admin.logentry", "pk": 22, "fields": {"action_time": "2022-10-22T20:31:00.631Z", "user": ["hio"], "content_type": ["services", "law"], "object_id": "4", "object_repr": "أشعة بالصبغة بالفلورسين (عينان )", "action_flag": 1, "change_message": "[{\"added\": {}}]"}}, {"model": "admin.logentry", "pk": 23, "fields": {"action_time": "2022-10-22T20:31:11.468Z", "user": ["hio"], "content_type": ["services", "law"], "object_id": "5", "object_repr": "أشعة مقطعية علي العين( عين واحد )", "action_flag": 1, "change_message": "[{\"added\": {}}]"}}, {"model": "admin.logentry", "pk": 24, "fields": {"action_time": "2022-10-22T20:31:22.939Z", "user": ["hio"], "content_type": ["services", "law"], "object_id": "6", "object_repr": "أشعة مقطعية علي العين (عينان )", "action_flag": 1, "change_message": "[{\"added\": {}}]"}}, {"model": "admin.logentry", "pk": 25, "fields": {"action_time": "2022-10-22T20:31:33.396Z", "user": ["hio"], "content_type": ["services", "law"], "object_id": "7", "object_repr": "موجات صوتية على العين (عين واحد )", "action_flag": 1, "change_message": "[{\"added\": {}}]"}}, {"model": "admin.logentry", "pk": 26, "fields": {"action_time": "2022-10-22T20:31:42.871Z", "user": ["hio"], "content_type": ["services", "law"], "object_id": "8", "object_repr": "موجات صوتية على العين (عينان )", "action_flag": 1, "change_message": "[{\"added\": {}}]"}}, {"model": "admin.logentry", "pk": 27, "fields": {"action_time": "2022-10-22T20:37:14.076Z", "user": ["hio"], "content_type": ["services", "entity"], "object_id": "1", "object_repr": "احمد محمد الحسن على", "action_flag": 1, "change_message": "[{\"added\": {}}]"}}, {"model": "admin.logentry", "pk": 28, "fields": {"action_time": "2022-10-23T08:30:57.553Z", "user": ["hio"], "content_type": ["auth", "user"], "object_id": "2", "object_repr": "ahmed_Azo", "action_flag": 1, "change_message": "[{\"added\": {}}]"}}, {"model": "admin.logentry", "pk": 29, "fields": {"action_time": "2022-10-23T08:33:17.899Z", "user": ["hio"], "content_type": ["auth", "group"], "object_id": "1", "object_repr": "services_member", "action_flag": 1, "change_message": "[{\"added\": {}}]"}}, {"model": "admin.logentry", "pk": 30, "fields": {"action_time": "2022-10-23T08:34:03.639Z", "user": ["hio"], "content_type": ["auth", "group"], "object_id": "2", "object_repr": "service_admin", "action_flag": 1, "change_message": "[{\"added\": {}}]"}}, {"model": "admin.logentry", "pk": 31, "fields": {"action_time": "2022-10-23T08:34:48.432Z", "user": ["hio"], "content_type": ["auth", "user"], "object_id": "2", "object_repr": "ahmed_Azo", "action_flag": 2, "change_message": "[{\"changed\": {\"fields\": [\"Groups\"]}}]"}}, {"model": "admin.logentry", "pk": 32, "fields": {"action_time": "2022-10-23T08:35:17.211Z", "user": ["hio"], "content_type": ["auth", "user"], "object_id": "3", "object_repr": "yousef_shaban", "action_flag": 1, "change_message": "[{\"added\": {}}]"}}, {"model": "admin.logentry", "pk": 33, "fields": {"action_time": "2022-10-23T08:35:51.268Z", "user": ["hio"], "content_type": ["auth", "user"], "object_id": "3", "object_repr": "yousef_shaban", "action_flag": 2, "change_message": "[{\"changed\": {\"fields\": [\"First name\", \"Last name\", \"Email address\", \"Groups\"]}}]"}}, {"model": "admin.logentry", "pk": 34, "fields": {"action_time": "2022-10-23T08:36:23.511Z", "user": ["hio"], "content_type": ["auth", "user"], "object_id": "2", "object_repr": "ahmed_Azo", "action_flag": 2, "change_message": "[{\"changed\": {\"fields\": [\"First name\", \"Last name\", \"Email address\"]}}]"}}, {"model": "admin.logentry", "pk": 35, "fields": {"action_time": "2022-10-23T08:37:45.120Z", "user": ["hio"], "content_type": ["auth", "user"], "object_id": "4", "object_repr": "shimaa_admin", "action_flag": 1, "change_message": "[{\"added\": {}}]"}}, {"model": "admin.logentry", "pk": 36, "fields": {"action_time": "2022-10-23T08:38:26.841Z", "user": ["hio"], "content_type": ["auth", "user"], "object_id": "4", "object_repr": "shimaa_admin", "action_flag": 2, "change_message": "[{\"changed\": {\"fields\": [\"First name\", \"Last name\", \"Email address\"]}}]"}}, {"model": "admin.logentry", "pk": 37, "fields": {"action_time": "2022-10-23T08:38:51.516Z", "user": ["hio"], "content_type": ["auth", "group"], "object_id": "3", "object_repr": "admin_all", "action_flag": 1, "change_message": "[{\"added\": {}}]"}}, {"model": "admin.logentry", "pk": 38, "fields": {"action_time": "2022-10-23T08:39:02.351Z", "user": ["hio"], "content_type": ["auth", "user"], "object_id": "4", "object_repr": "shimaa_admin", "action_flag": 2, "change_message": "[{\"changed\": {\"fields\": [\"Groups\"]}}]"}}, {"model": "admin.logentry", "pk": 39, "fields": {"action_time": "2022-10-25T21:43:09.770Z", "user": ["hio"], "content_type": ["services", "ayadat"], "object_id": "2", "object_repr": "عيادة طلاب مداس اسوان", "action_flag": 2, "change_message": "[{\"changed\": {\"fields\": [\"Name\"]}}]"}}, {"model": "admin.logentry", "pk": 40, "fields": {"action_time": "2022-10-25T21:43:26.631Z", "user": ["hio"], "content_type": ["services", "ayadat"], "object_id": "1", "object_repr": "عيادة اسوان الشاملة - التاهيل", "action_flag": 2, "change_message": "[{\"changed\": {\"fields\": [\"Name\"]}}]"}}, {"model": "admin.logentry", "pk": 41, "fields": {"action_time": "2022-10-25T21:43:42.063Z", "user": ["hio"], "content_type": ["services", "ayadat"], "object_id": "3", "object_repr": "عيادة اسوان الشاملة - الاوقاف", "action_flag": 1, "change_message": "[{\"added\": {}}]"}}, {"model": "admin.logentry", "pk": 42, "fields": {"action_time": "2022-10-25T21:44:00.310Z", "user": ["hio"], "content_type": ["services", "ayadat"], "object_id": "4", "object_repr": "عيادة كوم امبو الشاملة", "action_flag": 1, "change_message": "[{\"added\": {}}]"}}, {"model": "admin.logentry", "pk": 43, "fields": {"action_time": "2022-10-25T21:44:11.898Z", "user": ["hio"], "content_type": ["services", "ayadat"], "object_id": "5", "object_repr": "عيادة طلاب كوم امبو", "action_flag": 1, "change_message": "[{\"added\": {}}]"}}, {"model": "admin.logentry", "pk": 44, "fields": {"action_time": "2022-10-25T21:44:21.961Z", "user": ["hio"], "content_type": ["services", "ayadat"], "object_id": "6", "object_repr": "عيادة ادفو الشاملة", "action_flag": 1, "change_message": "[{\"added\": {}}]"}}, {"model": "admin.logentry", "pk": 45, "fields": {"action_time": "2022-10-25T21:44:32.760Z", "user": ["hio"], "content_type": ["services", "ayadat"], "object_id": "7", "object_repr": "عيادة طلاب ادفو", "action_flag": 1, "change_message": "[{\"added\": {}}]"}}, {"model": "admin.logentry", "pk": 46, "fields": {"action_time": "2022-10-25T21:44:43.694Z", "user": ["hio"], "content_type": ["services", "ayadat"], "object_id": "8", "object_repr": "عيادة دراو الشاملة", "action_flag": 1, "change_message": "[{\"added\": {}}]"}}, {"model": "admin.logentry", "pk": 47, "fields": {"action_time": "2022-10-25T21:44:52.679Z", "user": ["hio"], "content_type": ["services", "ayadat"], "object_id": "9", "object_repr": "عيادة طلاب دراو", "action_flag": 1, "change_message": "[{\"added\": {}}]"}}, {"model": "admin.logentry", "pk": 48, "fields": {"action_time": "2022-10-25T21:45:04.401Z", "user": ["hio"], "content_type": ["services", "ayadat"], "object_id": "10", "object_repr": "عيادة نصر النوبة الشاملة", "action_flag": 1, "change_message": "[{\"added\": {}}]"}}, {"model": "admin.logentry", "pk": 49, "fields": {"action_time": "2022-10-25T21:45:16.359Z", "user": ["hio"], "content_type": ["services", "ayadat"], "object_id": "11", "object_repr": "عيادة طلاب نصر النوبة", "action_flag": 1, "change_message": "[{\"added\": {}}]"}}, {"model": "admin.logentry", "pk": 50, "fields": {"action_time": "2022-10-25T21:45:30.503Z", "user": ["hio"], "content_type": ["services", "ayadat"], "object_id": "12", "object_repr": "عيادة بنبان", "action_flag": 1, "change_message": "[{\"added\": {}}]"}}, {"model": "admin.logentry", "pk": 51, "fields": {"action_time": "2022-10-25T21:45:39.205Z", "user": ["hio"], "content_type": ["services", "ayadat"], "object_id": "13", "object_repr": "عيادة البصيلية", "action_flag": 1, "change_message": "[{\"added\": {}}]"}}, {"model": "admin.logentry", "pk": 52, "fields": {"action_time": "2022-10-25T21:45:58.605Z", "user": ["hio"], "content_type": ["services", "ayadat"], "object_id": "14", "object_repr": "عيادة السباعية", "action_flag": 1, "change_message": "[{\"added\": {}}]"}}, {"model": "admin.logentry", "pk": 53, "fields": {"action_time": "2022-10-25T22:02:07.225Z", "user": ["hio"], "content_type": ["auth", "user"], "object_id": "2", "object_repr": "ahmed_Azo", "action_flag": 2, "change_message": "[{\"added\": {\"name\": \"employee\", \"object\": \"Employee object (1)\"}}]"}}, {"model": "admin.logentry", "pk": 54, "fields": {"action_time": "2022-10-25T22:08:04.674Z", "user": ["hio"], "content_type": ["services", "area"], "object_id": "7", "object_repr": "الكل", "action_flag": 1, "change_message": "[{\"added\": {}}]"}}, {"model": "admin.logentry", "pk": 55, "fields": {"action_time": "2022-10-25T22:14:02.945Z", "user": ["hio"], "content_type": ["auth", "user"], "object_id": "1", "object_repr": "hio", "action_flag": 2, "change_message": "[{\"added\": {\"name\": \"employee\", \"object\": \"Employee object (2)\"}}]"}}, {"model": "admin.logentry", "pk": 56, "fields": {"action_time": "2022-10-25T22:14:10.820Z", "user": ["hio"], "content_type": ["auth", "user"], "object_id": "3", "object_repr": "yousef_shaban", "action_flag": 2, "change_message": "[{\"added\": {\"name\": \"employee\", \"object\": \"Employee object (3)\"}}]"}}, {"model": "admin.logentry", "pk": 57, "fields": {"action_time": "2022-10-25T22:14:19.603Z", "user": ["hio"], "content_type": ["auth", "user"], "object_id": "4", "object_repr": "shimaa_admin", "action_flag": 2, "change_message": "[{\"added\": {\"name\": \"employee\", \"object\": \"Employee object (4)\"}}]"}}, {"model": "admin.logentry", "pk": 58, "fields": {"action_time": "2022-10-26T06:25:32.438Z", "user": ["hio"], "content_type": ["services", "letter"], "object_id": "1", "object_repr": "احمد محمد الحسن على", "action_flag": 2, "change_message": "[{\"changed\": {\"fields\": [\"\\u0627\\u0644\\u062e\\u062f\\u0645\\u0627\\u062a\"]}}]"}}, {"model": "admin.logentry", "pk": 59, "fields": {"action_time": "2022-10-26T06:25:46.679Z", "user": ["hio"], "content_type": ["services", "letter"], "object_id": "9", "object_repr": "محمد احمد على", "action_flag": 2, "change_message": "[{\"changed\": {\"fields\": [\"\\u0627\\u0644\\u062e\\u062f\\u0645\\u0627\\u062a\"]}}]"}}, {"model": "admin.logentry", "pk": 60, "fields": {"action_time": "2022-10-26T06:26:00.102Z", "user": ["hio"], "content_type": ["services", "letter"], "object_id": "9", "object_repr": "محمد احمد على", "action_flag": 2, "change_message": "[{\"changed\": {\"fields\": [\"\\u0627\\u0644\\u062e\\u062f\\u0645\\u0627\\u062a\"]}}]"}}]