[{"model": "auth.group", "pk": 1, "fields": {"name": "clinic_member", "permissions": [["add_dailyreport", "clinics", "dailyreport"], ["view_dailyreport", "clinics", "dailyreport"]]}}, {"model": "auth.group", "pk": 2, "fields": {"name": "services_member", "permissions": [["add_letter", "services", "letter"], ["change_letter", "services", "letter"], ["delete_letter", "services", "letter"], ["view_letter", "services", "letter"]]}}, {"model": "auth.group", "pk": 3, "fields": {"name": "admin_all", "permissions": [["add_logentry", "admin", "logentry"], ["change_logentry", "admin", "logentry"], ["delete_logentry", "admin", "logentry"], ["view_logentry", "admin", "logentry"], ["add_group", "auth", "group"], ["change_group", "auth", "group"], ["delete_group", "auth", "group"], ["view_group", "auth", "group"], ["add_permission", "auth", "permission"], ["change_permission", "auth", "permission"], ["delete_permission", "auth", "permission"], ["view_permission", "auth", "permission"], ["add_user", "auth", "user"], ["change_user", "auth", "user"], ["delete_user", "auth", "user"], ["view_user", "auth", "user"], ["add_category", "clinics", "category"], ["change_category", "clinics", "category"], ["delete_category", "clinics", "category"], ["view_category", "clinics", "category"], ["add_dailyreport", "clinics", "dailyreport"], ["change_dailyreport", "clinics", "dailyreport"], ["delete_dailyreport", "clinics", "dailyreport"], ["view_dailyreport", "clinics", "dailyreport"], ["add_specific", "clinics", "specific"], ["change_specific", "clinics", "specific"], ["delete_specific", "clinics", "specific"], ["view_specific", "clinics", "specific"], ["add_contenttype", "contenttypes", "contenttype"], ["change_contenttype", "contenttypes", "contenttype"], ["delete_contenttype", "contenttypes", "contenttype"], ["view_contenttype", "contenttypes", "contenttype"], ["add_area", "services", "area"], ["change_area", "services", "area"], ["delete_area", "services", "area"], ["view_area", "services", "area"], ["add_ayadat", "services", "ayadat"], ["change_ayadat", "services", "ayadat"], ["delete_ayadat", "services", "ayadat"], ["view_ayadat", "services", "ayadat"], ["add_employee", "services", "employee"], ["change_employee", "services", "employee"], ["delete_employee", "services", "employee"], ["view_employee", "services", "employee"], ["add_entity", "services", "entity"], ["change_entity", "services", "entity"], ["delete_entity", "services", "entity"], ["view_entity", "services", "entity"], ["add_entitymainclass", "services", "entitymainclass"], ["change_entitymainclass", "services", "entitymainclass"], ["delete_entitymainclass", "services", "entitymainclass"], ["view_entitymainclass", "services", "entitymainclass"], ["add_entityservice", "services", "entityservice"], ["change_entityservice", "services", "entityservice"], ["delete_entityservice", "services", "entityservice"], ["view_entityservice", "services", "entityservice"], ["add_entitysubclass", "services", "entitysubclass"], ["change_entitysubclass", "services", "entitysubclass"], ["delete_entitysubclass", "services", "entitysubclass"], ["view_entitysubclass", "services", "entitysubclass"], ["add_law", "services", "law"], ["change_law", "services", "law"], ["delete_law", "services", "law"], ["view_law", "services", "law"], ["add_letter", "services", "letter"], ["change_letter", "services", "letter"], ["delete_letter", "services", "letter"], ["view_letter", "services", "letter"], ["add_service", "services", "service"], ["change_service", "services", "service"], ["delete_service", "services", "service"], ["view_service", "services", "service"], ["add_servicemainclass", "services", "servicemainclass"], ["change_servicemainclass", "services", "servicemainclass"], ["delete_servicemainclass", "services", "servicemainclass"], ["view_servicemainclass", "services", "servicemainclass"], ["add_servicesubclass", "services", "servicesubclass"], ["change_servicesubclass", "services", "servicesubclass"], ["delete_servicesubclass", "services", "servicesubclass"], ["view_servicesubclass", "services", "servicesubclass"], ["add_session", "sessions", "session"], ["change_session", "sessions", "session"], ["delete_session", "sessions", "session"], ["view_session", "sessions", "session"]]}}, {"model": "auth.user", "pk": 1, "fields": {"password": "pbkdf2_sha256$320000$cHSovnxaNcjaPpZ5XpXhjK$SP8gcUSIrU3JE/ebYJEQfmqAERB9eg6wHD3HnMieyj4=", "last_login": "2022-10-30T06:46:52.695Z", "is_superuser": true, "username": "hio", "first_name": "", "last_name": "", "email": "ahmedsayed124680@gmail.com", "is_staff": true, "is_active": true, "date_joined": "2022-10-28T23:46:01Z", "groups": [["admin_all"]], "user_permissions": []}}, {"model": "auth.user", "pk": 2, "fields": {"password": "pbkdf2_sha256$320000$nL2A9BsD7fmikCQ0vX8PS6$THwUPf6Ha4umbr18KdLYDzVhDaw2Yg27Pz4r9/ynvLs=", "last_login": null, "is_superuser": false, "username": "ahmed_Azo", "first_name": "احمد", "last_name": "محمود", "email": "", "is_staff": false, "is_active": true, "date_joined": "2022-10-28T23:50:32Z", "groups": [["services_member"]], "user_permissions": [["add_letter", "services", "letter"], ["change_letter", "services", "letter"], ["delete_letter", "services", "letter"], ["view_letter", "services", "letter"]]}}, {"model": "auth.user", "pk": 3, "fields": {"password": "pbkdf2_sha256$320000$pF9yneNUa0vB4BVxdBO8kQ$Jy6jWIRoW+kR9aR5PKvieRbUksefXHLDHrn8iKpVkq4=", "last_login": null, "is_superuser": false, "username": "yousef_shaban", "first_name": "يوسف", "last_name": "شعبان", "email": "", "is_staff": false, "is_active": true, "date_joined": "2022-10-28T23:51:41Z", "groups": [["admin_all"], ["clinic_member"]], "user_permissions": [["add_letter", "services", "letter"], ["change_letter", "services", "letter"], ["delete_letter", "services", "letter"], ["view_letter", "services", "letter"], ["add_service", "services", "service"], ["change_service", "services", "service"], ["delete_service", "services", "service"], ["view_service", "services", "service"], ["add_servicemainclass", "services", "servicemainclass"], ["change_servicemainclass", "services", "servicemainclass"], ["delete_servicemainclass", "services", "servicemainclass"], ["view_servicemainclass", "services", "servicemainclass"], ["add_servicesubclass", "services", "servicesubclass"], ["change_servicesubclass", "services", "servicesubclass"], ["delete_servicesubclass", "services", "servicesubclass"], ["view_servicesubclass", "services", "servicesubclass"]]}}, {"model": "auth.user", "pk": 4, "fields": {"password": "pbkdf2_sha256$320000$wy1O1TLfaTvvCVB55rxWu9$ufjiUk7jKnfEDyxVrgBZoMqXvFO28j4BhP6jhQRvB58=", "last_login": "2022-10-30T10:08:00.839Z", "is_superuser": false, "username": "aswan_nurse1", "first_name": "شيماء", "last_name": "محمد", "email": "", "is_staff": false, "is_active": true, "date_joined": "2022-10-28T23:53:12Z", "groups": [], "user_permissions": [["add_dailyreport", "clinics", "dailyreport"]]}}, {"model": "services.area", "pk": 1, "fields": {"is_deleted": false, "created_at": "2022-10-28T23:48:52.945Z", "created_at_date": "2022-10-28", "updated_at": "2022-10-28T23:48:52.945Z", "updated_at_date": "2022-10-28", "name": "اسوان"}}, {"model": "services.area", "pk": 2, "fields": {"is_deleted": false, "created_at": "2022-10-28T23:48:52.940Z", "created_at_date": "2022-10-28", "updated_at": "2022-10-28T23:48:52.940Z", "updated_at_date": "2022-10-28", "name": "كوم امبو"}}, {"model": "services.area", "pk": 3, "fields": {"is_deleted": false, "created_at": "2022-10-28T23:48:52.935Z", "created_at_date": "2022-10-28", "updated_at": "2022-10-28T23:48:52.935Z", "updated_at_date": "2022-10-28", "name": "ادفو"}}, {"model": "services.area", "pk": 4, "fields": {"is_deleted": false, "created_at": "2022-10-28T23:48:52.930Z", "created_at_date": "2022-10-28", "updated_at": "2022-10-28T23:48:52.930Z", "updated_at_date": "2022-10-28", "name": "دراو"}}, {"model": "services.area", "pk": 6, "fields": {"is_deleted": false, "created_at": "2022-10-28T23:48:52.925Z", "created_at_date": "2022-10-28", "updated_at": "2022-10-28T23:48:52.925Z", "updated_at_date": "2022-10-28", "name": "نصر النوبة"}}, {"model": "services.area", "pk": 7, "fields": {"is_deleted": false, "created_at": "2022-10-28T23:48:52.920Z", "created_at_date": "2022-10-28", "updated_at": "2022-10-28T23:48:52.920Z", "updated_at_date": "2022-10-28", "name": "الكل"}}, {"model": "services.law", "pk": 1, "fields": {"is_deleted": false, "created_at": "2022-10-28T23:50:02.315Z", "created_at_date": "2022-10-28", "updated_at": "2022-10-28T23:50:02.315Z", "updated_at_date": "2022-10-28", "name": "موظفين"}}, {"model": "services.law", "pk": 2, "fields": {"is_deleted": false, "created_at": "2022-10-28T23:50:02.307Z", "created_at_date": "2022-10-28", "updated_at": "2022-10-28T23:50:02.307Z", "updated_at_date": "2022-10-28", "name": "معاشات"}}, {"model": "services.law", "pk": 3, "fields": {"is_deleted": false, "created_at": "2022-10-28T23:50:02.299Z", "created_at_date": "2022-10-28", "updated_at": "2022-10-28T23:50:02.299Z", "updated_at_date": "2022-10-28", "name": "طلاب"}}, {"model": "services.ayadat", "pk": 1, "fields": {"is_deleted": false, "created_at": "2022-10-28T23:49:06.842Z", "created_at_date": "2022-10-28", "updated_at": "2022-10-28T23:49:06.842Z", "updated_at_date": "2022-10-28", "name": "عيادة اسوان الشاملة - التاهيل", "area": 1, "is_letter": true}}, {"model": "services.ayadat", "pk": 2, "fields": {"is_deleted": false, "created_at": "2022-10-28T23:49:06.833Z", "created_at_date": "2022-10-28", "updated_at": "2022-10-28T23:49:06.833Z", "updated_at_date": "2022-10-28", "name": "عيادة طلاب مداس اسوان", "area": 1, "is_letter": true}}, {"model": "services.ayadat", "pk": 3, "fields": {"is_deleted": false, "created_at": "2022-10-28T23:49:06.824Z", "created_at_date": "2022-10-28", "updated_at": "2022-10-28T23:49:06.824Z", "updated_at_date": "2022-10-28", "name": "عيادة اسوان الشاملة - الاوقاف", "area": 1, "is_letter": true}}, {"model": "services.ayadat", "pk": 4, "fields": {"is_deleted": false, "created_at": "2022-10-28T23:49:06.815Z", "created_at_date": "2022-10-28", "updated_at": "2022-10-28T23:49:06.815Z", "updated_at_date": "2022-10-28", "name": "عيادة كوم امبو الشاملة", "area": 2, "is_letter": true}}, {"model": "services.ayadat", "pk": 5, "fields": {"is_deleted": false, "created_at": "2022-10-28T23:49:06.801Z", "created_at_date": "2022-10-28", "updated_at": "2022-10-28T23:49:06.801Z", "updated_at_date": "2022-10-28", "name": "عيادة طلاب كوم امبو", "area": 2, "is_letter": true}}, {"model": "services.ayadat", "pk": 6, "fields": {"is_deleted": false, "created_at": "2022-10-28T23:49:06.788Z", "created_at_date": "2022-10-28", "updated_at": "2022-10-28T23:49:06.788Z", "updated_at_date": "2022-10-28", "name": "عيادة ادفو الشاملة", "area": 3, "is_letter": true}}, {"model": "services.ayadat", "pk": 7, "fields": {"is_deleted": false, "created_at": "2022-10-28T23:49:06.781Z", "created_at_date": "2022-10-28", "updated_at": "2022-10-28T23:49:06.781Z", "updated_at_date": "2022-10-28", "name": "عيادة طلاب ادفو", "area": 3, "is_letter": true}}, {"model": "services.ayadat", "pk": 8, "fields": {"is_deleted": false, "created_at": "2022-10-28T23:49:06.774Z", "created_at_date": "2022-10-28", "updated_at": "2022-10-28T23:49:06.774Z", "updated_at_date": "2022-10-28", "name": "عيادة دراو الشاملة", "area": 4, "is_letter": true}}, {"model": "services.ayadat", "pk": 9, "fields": {"is_deleted": false, "created_at": "2022-10-28T23:49:06.766Z", "created_at_date": "2022-10-28", "updated_at": "2022-10-28T23:49:06.766Z", "updated_at_date": "2022-10-28", "name": "عيادة طلاب دراو", "area": 4, "is_letter": true}}, {"model": "services.ayadat", "pk": 10, "fields": {"is_deleted": false, "created_at": "2022-10-28T23:49:06.760Z", "created_at_date": "2022-10-28", "updated_at": "2022-10-28T23:49:06.760Z", "updated_at_date": "2022-10-28", "name": "عيادة نصر النوبة الشاملة", "area": 6, "is_letter": true}}, {"model": "services.ayadat", "pk": 11, "fields": {"is_deleted": false, "created_at": "2022-10-28T23:49:06.753Z", "created_at_date": "2022-10-28", "updated_at": "2022-10-28T23:49:06.753Z", "updated_at_date": "2022-10-28", "name": "عيادة طلاب نصر النوبة", "area": 6, "is_letter": true}}, {"model": "services.ayadat", "pk": 12, "fields": {"is_deleted": false, "created_at": "2022-10-28T23:49:06.746Z", "created_at_date": "2022-10-28", "updated_at": "2022-10-28T23:49:06.746Z", "updated_at_date": "2022-10-28", "name": "عيادة بنبان", "area": 2, "is_letter": false}}, {"model": "services.ayadat", "pk": 13, "fields": {"is_deleted": false, "created_at": "2022-10-28T23:49:06.740Z", "created_at_date": "2022-10-28", "updated_at": "2022-10-28T23:49:06.740Z", "updated_at_date": "2022-10-28", "name": "عيادة البصيلية", "area": 3, "is_letter": true}}, {"model": "services.ayadat", "pk": 14, "fields": {"is_deleted": false, "created_at": "2022-10-28T23:49:06.733Z", "created_at_date": "2022-10-28", "updated_at": "2022-10-28T23:49:06.733Z", "updated_at_date": "2022-10-28", "name": "عيادة السباعية", "area": 3, "is_letter": true}}, {"model": "services.ayadat", "pk": 15, "fields": {"is_deleted": false, "created_at": "2022-10-28T23:49:06.726Z", "created_at_date": "2022-10-28", "updated_at": "2022-10-28T23:49:06.726Z", "updated_at_date": "2022-10-28", "name": "الكل", "area": 7, "is_letter": true}}, {"model": "services.ayadat", "pk": 16, "fields": {"is_deleted": false, "created_at": "2022-10-29T11:39:24.455Z", "created_at_date": "2022-10-29", "updated_at": "2022-10-29T11:39:24.455Z", "updated_at_date": "2022-10-29", "name": "عيادة اسوان الشاملة - التاهيل - المسائيه", "area": 1, "is_letter": true}}, {"model": "services.ayadat", "pk": 17, "fields": {"is_deleted": false, "created_at": "2022-10-29T11:40:00.919Z", "created_at_date": "2022-10-29", "updated_at": "2022-10-29T11:40:00.919Z", "updated_at_date": "2022-10-29", "name": "عيادة اسوان الشاملة - الاوقاف - المسائيه", "area": 1, "is_letter": true}}, {"model": "services.ayadat", "pk": 18, "fields": {"is_deleted": false, "created_at": "2022-10-29T11:40:50.535Z", "created_at_date": "2022-10-29", "updated_at": "2022-10-29T11:40:50.535Z", "updated_at_date": "2022-10-29", "name": "عيادة ادفو الشاملة", "area": 3, "is_letter": true}}, {"model": "services.employee", "pk": 1, "fields": {"user": ["ahmed_Azo"], "area": 1}}, {"model": "services.employee", "pk": 2, "fields": {"user": ["yousef_shaban"], "area": 15}}, {"model": "services.employee", "pk": 3, "fields": {"user": ["aswan_nurse1"], "area": 1}}, {"model": "services.employee", "pk": 4, "fields": {"user": ["hio"], "area": 15}}, {"model": "services.entitymainclass", "pk": 1, "fields": {"is_deleted": false, "created_at": "2022-10-28T23:49:28.693Z", "created_at_date": "2022-10-28", "updated_at": "2022-10-28T23:49:28.693Z", "updated_at_date": "2022-10-28", "name": "جهه حكوميه"}}, {"model": "services.entitymainclass", "pk": 2, "fields": {"is_deleted": false, "created_at": "2022-10-28T23:49:28.688Z", "created_at_date": "2022-10-28", "updated_at": "2022-10-28T23:49:28.688Z", "updated_at_date": "2022-10-28", "name": "خاص"}}, {"model": "services.entitymainclass", "pk": 3, "fields": {"is_deleted": false, "created_at": "2022-10-28T23:49:28.682Z", "created_at_date": "2022-10-28", "updated_at": "2022-10-28T23:49:28.682Z", "updated_at_date": "2022-10-28", "name": "اخرى"}}, {"model": "services.entitysubclass", "pk": 1, "fields": {"is_deleted": false, "created_at": "2022-10-28T23:49:40.416Z", "created_at_date": "2022-10-28", "updated_at": "2022-10-28T23:49:40.416Z", "updated_at_date": "2022-10-28", "name": "مستشفى"}}, {"model": "services.entitysubclass", "pk": 2, "fields": {"is_deleted": false, "created_at": "2022-10-28T23:49:40.410Z", "created_at_date": "2022-10-28", "updated_at": "2022-10-28T23:49:40.410Z", "updated_at_date": "2022-10-28", "name": "مركز اشعه وتحاليل"}}, {"model": "services.entitysubclass", "pk": 3, "fields": {"is_deleted": false, "created_at": "2022-10-28T23:49:40.405Z", "created_at_date": "2022-10-28", "updated_at": "2022-10-28T23:49:40.405Z", "updated_at_date": "2022-10-28", "name": "حضانه"}}, {"model": "services.entitysubclass", "pk": 4, "fields": {"is_deleted": false, "created_at": "2022-10-28T23:49:40.398Z", "created_at_date": "2022-10-28", "updated_at": "2022-10-28T23:49:40.398Z", "updated_at_date": "2022-10-28", "name": "مركز"}}, {"model": "services.entitysubclass", "pk": 5, "fields": {"is_deleted": false, "created_at": "2022-10-28T23:49:40.392Z", "created_at_date": "2022-10-28", "updated_at": "2022-10-28T23:49:40.392Z", "updated_at_date": "2022-10-28", "name": "اخرى"}}, {"model": "services.entitysubclass", "pk": 6, "fields": {"is_deleted": false, "created_at": "2022-10-29T10:19:49.832Z", "created_at_date": "2022-10-29", "updated_at": "2022-10-29T10:19:49.832Z", "updated_at_date": "2022-10-29", "name": "معهد"}}, {"model": "services.entity", "pk": 520, "fields": {"is_deleted": false, "created_at": "2022-10-29T11:23:11.459Z", "created_at_date": "2022-10-29", "updated_at": "2022-10-29T11:23:11.459Z", "updated_at_date": "2022-10-29", "name": "مركز النيل للاشعة", "phone": "223786773", "address": "القاهرة المعادى", "mainClass": 2, "subClass": 4}}, {"model": "services.entity", "pk": 521, "fields": {"is_deleted": false, "created_at": "2022-10-29T11:23:11.469Z", "created_at_date": "2022-10-29", "updated_at": "2022-10-29T11:23:11.469Z", "updated_at_date": "2022-10-29", "name": "غرب أسوان المركزي", "phone": "972210166", "address": "أسوان غرب أسوان", "mainClass": 1, "subClass": 1}}, {"model": "services.entity", "pk": 522, "fields": {"is_deleted": false, "created_at": "2022-10-29T11:23:11.482Z", "created_at_date": "2022-10-29", "updated_at": "2022-10-29T11:23:11.482Z", "updated_at_date": "2022-10-29", "name": "اسوان الجامعي", "phone": "972431022", "address": "السيل الجديد", "mainClass": 1, "subClass": 1}}, {"model": "services.entity", "pk": 523, "fields": {"is_deleted": false, "created_at": "2022-10-29T11:23:11.493Z", "created_at_date": "2022-10-29", "updated_at": "2022-10-29T11:23:11.493Z", "updated_at_date": "2022-10-29", "name": "مركز د سليمان أحمد عثمان بأسوان", "phone": "1002416690", "address": "أسوان طريق السادات", "mainClass": 2, "subClass": 4}}, {"model": "services.entity", "pk": 524, "fields": {"is_deleted": false, "created_at": "2022-10-29T11:23:11.501Z", "created_at_date": "2022-10-29", "updated_at": "2022-10-29T11:23:11.501Z", "updated_at_date": "2022-10-29", "name": "مركز درة النيل لجراحات العيون بأسوان", "phone": "1156400096", "address": "أسوان - السيل بجوار المرور", "mainClass": 2, "subClass": 4}}, {"model": "services.entity", "pk": 525, "fields": {"is_deleted": false, "created_at": "2022-10-29T11:23:11.509Z", "created_at_date": "2022-10-29", "updated_at": "2022-10-29T11:23:11.509Z", "updated_at_date": "2022-10-29", "name": "رمد اسوان", "phone": "97254025", "address": "خلف بنك مصر", "mainClass": 1, "subClass": 1}}, {"model": "services.entity", "pk": 526, "fields": {"is_deleted": false, "created_at": "2022-10-29T11:23:11.519Z", "created_at_date": "2022-10-29", "updated_at": "2022-10-29T11:23:11.519Z", "updated_at_date": "2022-10-29", "name": "الصدر باسوان", "phone": "972252877", "address": "شارع كلية التربية النفق", "mainClass": 1, "subClass": 1}}, {"model": "services.entity", "pk": 527, "fields": {"is_deleted": false, "created_at": "2022-10-29T11:23:11.530Z", "created_at_date": "2022-10-29", "updated_at": "2022-10-29T11:23:11.530Z", "updated_at_date": "2022-10-29", "name": "اسوان العسكري", "phone": "972426990", "address": "طريق الخزان", "mainClass": 1, "subClass": 1}}, {"model": "services.entity", "pk": 528, "fields": {"is_deleted": false, "created_at": "2022-10-29T11:23:11.540Z", "created_at_date": "2022-10-29", "updated_at": "2022-10-29T11:23:11.540Z", "updated_at_date": "2022-10-29", "name": "الصحه النفسيه باسوان", "phone": "972245652", "address": "السد العالى سرق", "mainClass": 1, "subClass": 1}}, {"model": "services.entity", "pk": 529, "fields": {"is_deleted": false, "created_at": "2022-10-29T11:23:11.553Z", "created_at_date": "2022-10-29", "updated_at": "2022-10-29T11:23:11.553Z", "updated_at_date": "2022-10-29", "name": "وحده الغسيل الكلوي مستشفي الهلال الاحمر باسوان", "phone": "225752563", "address": "34 رمسيس، باب اللوق، عابدين، محافظة القاهرة", "mainClass": 2, "subClass": 5}}, {"model": "services.entity", "pk": 530, "fields": {"is_deleted": false, "created_at": "2022-10-29T11:23:11.564Z", "created_at_date": "2022-10-29", "updated_at": "2022-10-29T11:23:11.564Z", "updated_at_date": "2022-10-29", "name": "حميات اسوان", "phone": "972476023", "address": "المسلة بجوار نجدة أسوان", "mainClass": 1, "subClass": 1}}, {"model": "services.entity", "pk": 531, "fields": {"is_deleted": false, "created_at": "2022-10-29T11:23:11.575Z", "created_at_date": "2022-10-29", "updated_at": "2022-10-29T11:23:11.575Z", "updated_at_date": "2022-10-29", "name": "مركز اسوان للعيون والليزر", "phone": "972335822", "address": "طريق الخزان", "mainClass": 2, "subClass": 4}}, {"model": "services.entity", "pk": 532, "fields": {"is_deleted": false, "created_at": "2022-10-29T11:23:11.584Z", "created_at_date": "2022-10-29", "updated_at": "2022-10-29T11:23:11.584Z", "updated_at_date": "2022-10-29", "name": "بنك الدم الإقليمي بأسوان", "phone": "37613117", "address": "أسوان طريق السادات", "mainClass": 1, "subClass": 5}}, {"model": "services.entity", "pk": 533, "fields": {"is_deleted": false, "created_at": "2022-10-29T11:23:11.595Z", "created_at_date": "2022-10-29", "updated_at": "2022-10-29T11:23:11.595Z", "updated_at_date": "2022-10-29", "name": "البصيليه بحري بأسوان", "phone": "1122892233", "address": "أدفو - البصيلية", "mainClass": 1, "subClass": 1}}, {"model": "services.entity", "pk": 534, "fields": {"is_deleted": false, "created_at": "2022-10-29T11:23:11.606Z", "created_at_date": "2022-10-29", "updated_at": "2022-10-29T11:23:11.606Z", "updated_at_date": "2022-10-29", "name": "ابو سمبل المركزي", "phone": "972448020", "address": "أسوان - أبو سمبل", "mainClass": 1, "subClass": 1}}, {"model": "services.entity", "pk": 535, "fields": {"is_deleted": false, "created_at": "2022-10-29T11:23:11.614Z", "created_at_date": "2022-10-29", "updated_at": "2022-10-29T11:23:11.614Z", "updated_at_date": "2022-10-29", "name": "التامين الصحي بأسوان", "phone": "97320561", "address": "طريق السادات", "mainClass": 1, "subClass": 1}}, {"model": "services.entity", "pk": 536, "fields": {"is_deleted": false, "created_at": "2022-10-29T11:23:11.622Z", "created_at_date": "2022-10-29", "updated_at": "2022-10-29T11:23:11.623Z", "updated_at_date": "2022-10-29", "name": "معهد اورام اسوان", "phone": "972428374", "address": "أسوان كورنيش النيل", "mainClass": 1, "subClass": 6}}, {"model": "services.entity", "pk": 537, "fields": {"is_deleted": false, "created_at": "2022-10-29T11:23:11.631Z", "created_at_date": "2022-10-29", "updated_at": "2022-10-29T11:23:11.631Z", "updated_at_date": "2022-10-29", "name": "معمل المختبر للتحاليل الطبيه", "phone": "972306721", "address": "أسوان 97 شارع كورنيش النيل", "mainClass": 2, "subClass": 2}}, {"model": "services.entity", "pk": 538, "fields": {"is_deleted": false, "created_at": "2022-10-29T11:23:11.642Z", "created_at_date": "2022-10-29", "updated_at": "2022-10-29T11:23:11.643Z", "updated_at_date": "2022-10-29", "name": "معمل البرج للتحاليل الطبية", "phone": "972309671", "address": "أسوان - كورنيش النيل أعلى بنك الاسكندرية", "mainClass": 2, "subClass": 2}}, {"model": "services.entity", "pk": 539, "fields": {"is_deleted": false, "created_at": "2022-10-29T11:23:11.657Z", "created_at_date": "2022-10-29", "updated_at": "2022-10-29T11:23:11.657Z", "updated_at_date": "2022-10-29", "name": "معامل الفا لاب للتحاليل الطبية", "phone": "37613128", "address": "أسوان شارع كسر الحجر", "mainClass": 2, "subClass": 2}}, {"model": "services.entity", "pk": 540, "fields": {"is_deleted": false, "created_at": "2022-10-29T11:23:11.671Z", "created_at_date": "2022-10-29", "updated_at": "2022-10-29T11:23:11.671Z", "updated_at_date": "2022-10-29", "name": "مستشفى شفاء الاورمان", "phone": "1009007045", "address": "الاقصر - مدينة طيبة الجديدة", "mainClass": 2, "subClass": 1}}, {"model": "services.entity", "pk": 541, "fields": {"is_deleted": false, "created_at": "2022-10-29T11:23:11.683Z", "created_at_date": "2022-10-29", "updated_at": "2022-10-29T11:23:11.683Z", "updated_at_date": "2022-10-29", "name": "مركز لونت للبصريات", "phone": "972467199", "address": "أسوان شارع المدارس", "mainClass": 2, "subClass": 4}}, {"model": "services.entity", "pk": 542, "fields": {"is_deleted": false, "created_at": "2022-10-29T11:23:11.694Z", "created_at_date": "2022-10-29", "updated_at": "2022-10-29T11:23:11.694Z", "updated_at_date": "2022-10-29", "name": "مركز الشواربى للبصريات", "phone": "972446096", "address": "أسوان شارع الشواربى", "mainClass": 2, "subClass": 4}}, {"model": "services.entity", "pk": 543, "fields": {"is_deleted": false, "created_at": "2022-10-29T11:23:11.714Z", "created_at_date": "2022-10-29", "updated_at": "2022-10-29T11:23:11.714Z", "updated_at_date": "2022-10-29", "name": "مركز نور العيون - اسوان", "phone": "100128812", "address": "أسوان - عمارة سعد زغلول", "mainClass": 2, "subClass": 4}}, {"model": "services.entity", "pk": 544, "fields": {"is_deleted": false, "created_at": "2022-10-29T11:23:11.728Z", "created_at_date": "2022-10-29", "updated_at": "2022-10-29T11:23:11.728Z", "updated_at_date": "2022-10-29", "name": "مركز أسوان أسكان", "phone": "100174558", "address": "أسوان امام مستشفى اسوان الجامعى", "mainClass": 2, "subClass": 2}}, {"model": "services.entity", "pk": 545, "fields": {"is_deleted": false, "created_at": "2022-10-29T11:23:11.746Z", "created_at_date": "2022-10-29", "updated_at": "2022-10-29T11:23:11.746Z", "updated_at_date": "2022-10-29", "name": "مستشفى المنار للعيون", "phone": "1282071197", "address": "أسوان - أدفو - شارع المحطة التلفزيون", "mainClass": 2, "subClass": 1}}, {"model": "services.entity", "pk": 546, "fields": {"is_deleted": false, "created_at": "2022-10-29T11:23:11.767Z", "created_at_date": "2022-10-29", "updated_at": "2022-10-29T11:23:11.767Z", "updated_at_date": "2022-10-29", "name": "ايجى اسكان", "phone": "1125244440", "address": "أسوان -أطلس", "mainClass": 2, "subClass": 2}}, {"model": "services.entity", "pk": 547, "fields": {"is_deleted": false, "created_at": "2022-10-29T11:23:11.787Z", "created_at_date": "2022-10-29", "updated_at": "2022-10-29T11:23:11.787Z", "updated_at_date": "2022-10-29", "name": "اسوان العام بالصداقه", "phone": "1007162908", "address": "أسوان - حى الصداقة", "mainClass": 1, "subClass": 1}}, {"model": "services.entity", "pk": 548, "fields": {"is_deleted": false, "created_at": "2022-10-29T11:23:11.803Z", "created_at_date": "2022-10-29", "updated_at": "2022-10-29T11:23:11.803Z", "updated_at_date": "2022-10-29", "name": "مستشفى ادفو المركزى", "phone": "24712121", "address": "اسوان - ادفو شرق التلفزيون", "mainClass": 1, "subClass": 1}}, {"model": "services.entity", "pk": 549, "fields": {"is_deleted": false, "created_at": "2022-10-29T11:23:11.814Z", "created_at_date": "2022-10-29", "updated_at": "2022-10-29T11:23:11.814Z", "updated_at_date": "2022-10-29", "name": "مستشفى السباعية", "phone": "973410028", "address": "اسوان - أدفو - السباعية", "mainClass": 1, "subClass": 1}}, {"model": "services.entity", "pk": 550, "fields": {"is_deleted": false, "created_at": "2022-10-29T11:23:11.830Z", "created_at_date": "2022-10-29", "updated_at": "2022-10-29T11:23:11.830Z", "updated_at_date": "2022-10-29", "name": "معهد ناصر للبحوث والعلاج", "phone": "22038277", "address": "القاهرة - كورنيش النيل شبرا", "mainClass": 1, "subClass": 6}}, {"model": "services.entity", "pk": 551, "fields": {"is_deleted": false, "created_at": "2022-10-29T11:23:11.845Z", "created_at_date": "2022-10-29", "updated_at": "2022-10-29T11:23:11.845Z", "updated_at_date": "2022-10-29", "name": "مستشفى كوم امبو المركزى", "phone": "973510643", "address": "اسوان - كوم امبو - شارع بور سعيد", "mainClass": 1, "subClass": 1}}, {"model": "services.entity", "pk": 552, "fields": {"is_deleted": false, "created_at": "2022-10-29T11:23:11.860Z", "created_at_date": "2022-10-29", "updated_at": "2022-10-29T11:23:11.860Z", "updated_at_date": "2022-10-29", "name": "مستشفى نصر النوبة", "phone": "972850044", "address": "اسوان - نصر النوبة - شارع صلاح باكر", "mainClass": 1, "subClass": 1}}, {"model": "services.entity", "pk": 553, "fields": {"is_deleted": false, "created_at": "2022-10-29T11:23:11.875Z", "created_at_date": "2022-10-29", "updated_at": "2022-10-29T11:23:11.875Z", "updated_at_date": "2022-10-29", "name": "مستشفى دراو المركزى", "phone": "972210166", "address": "أسوان - دراو", "mainClass": 1, "subClass": 1}}, {"model": "services.entity", "pk": 554, "fields": {"is_deleted": false, "created_at": "2022-10-29T11:23:11.893Z", "created_at_date": "2022-10-29", "updated_at": "2022-10-29T11:23:11.893Z", "updated_at_date": "2022-10-29", "name": "معامل د أمانى السمان", "phone": "972316833", "address": "أسوان - شارع هميمى الجبلاوى", "mainClass": 2, "subClass": 2}}, {"model": "services.entity", "pk": 555, "fields": {"is_deleted": false, "created_at": "2022-10-29T11:23:11.911Z", "created_at_date": "2022-10-29", "updated_at": "2022-10-29T11:23:11.911Z", "updated_at_date": "2022-10-29", "name": "مركز حورس للبصريات", "phone": "1287733357", "address": "أسوان - ادفو", "mainClass": 2, "subClass": 4}}, {"model": "services.entity", "pk": 556, "fields": {"is_deleted": false, "created_at": "2022-10-29T11:23:11.926Z", "created_at_date": "2022-10-29", "updated_at": "2022-10-29T11:23:11.926Z", "updated_at_date": "2022-10-29", "name": "مركز النيل للاشعة والتحاليل باسوان", "phone": "1150999947", "address": "أسوان - بجوار مسجد الطابية", "mainClass": 2, "subClass": 2}}, {"model": "services.entity", "pk": 557, "fields": {"is_deleted": false, "created_at": "2022-10-29T11:23:11.944Z", "created_at_date": "2022-10-29", "updated_at": "2022-10-29T11:23:11.944Z", "updated_at_date": "2022-10-29", "name": "معامل رويال لاب", "phone": "1159887861", "address": "أسوان - كورنيش النيل", "mainClass": 2, "subClass": 2}}, {"model": "services.entity", "pk": 558, "fields": {"is_deleted": false, "created_at": "2022-10-29T11:23:11.956Z", "created_at_date": "2022-10-29", "updated_at": "2022-10-29T11:23:11.956Z", "updated_at_date": "2022-10-29", "name": "أسوان لاب", "phone": "972493651", "address": "أسوان - كورنيش النيل أعلى بنك الاسكندرية", "mainClass": 2, "subClass": 2}}, {"model": "services.entity", "pk": 559, "fields": {"is_deleted": false, "created_at": "2022-10-29T11:23:11.965Z", "created_at_date": "2022-10-29", "updated_at": "2022-10-29T11:23:11.965Z", "updated_at_date": "2022-10-29", "name": "مركزطيبة للاشعة", "phone": "1101101807", "address": "أسوان - ادفو- كورنيش النيل", "mainClass": 2, "subClass": 2}}, {"model": "services.entity", "pk": 560, "fields": {"is_deleted": false, "created_at": "2022-10-29T11:23:11.976Z", "created_at_date": "2022-10-29", "updated_at": "2022-10-29T11:23:11.976Z", "updated_at_date": "2022-10-29", "name": "دار الاشعة - اسوان", "phone": "972434513", "address": "أسوان - كسر الحجر", "mainClass": 2, "subClass": 2}}, {"model": "services.entity", "pk": 561, "fields": {"is_deleted": false, "created_at": "2022-10-29T11:23:11.984Z", "created_at_date": "2022-10-29", "updated_at": "2022-10-29T11:23:11.984Z", "updated_at_date": "2022-10-29", "name": "مركز كتاركتا", "phone": "1110049359", "address": "أسوان - شارع سعد زغلول", "mainClass": 2, "subClass": 4}}, {"model": "services.entity", "pk": 562, "fields": {"is_deleted": false, "created_at": "2022-10-29T11:23:11.993Z", "created_at_date": "2022-10-29", "updated_at": "2022-10-29T11:23:11.993Z", "updated_at_date": "2022-10-29", "name": "عين شمس الجامعي", "phone": "1098106892", "address": "القاهرة - العباسية", "mainClass": 1, "subClass": 1}}, {"model": "services.entity", "pk": 563, "fields": {"is_deleted": false, "created_at": "2022-10-29T11:23:12.007Z", "created_at_date": "2022-10-29", "updated_at": "2022-10-29T11:23:12.007Z", "updated_at_date": "2022-10-29", "name": "الاطفال جامعة عين شمس", "phone": "1002416690", "address": "القاهرة - العباسية", "mainClass": 1, "subClass": 1}}, {"model": "services.entity", "pk": 564, "fields": {"is_deleted": false, "created_at": "2022-10-29T11:23:12.017Z", "created_at_date": "2022-10-29", "updated_at": "2022-10-29T11:23:12.017Z", "updated_at_date": "2022-10-29", "name": "التأهيل الإجتماعي لذوي الإحتياجات بأسوان", "phone": "972431022", "address": "أسوان - أدفو -السباعية", "mainClass": 1, "subClass": 4}}, {"model": "services.entity", "pk": 565, "fields": {"is_deleted": false, "created_at": "2022-10-29T11:23:12.030Z", "created_at_date": "2022-10-29", "updated_at": "2022-10-29T11:23:12.030Z", "updated_at_date": "2022-10-29", "name": "دار الاشعة - اسوان", "phone": "1017002227", "address": "كسر الحجر -أسوان -أسوان", "mainClass": 2, "subClass": 2}}, {"model": "services.entity", "pk": 566, "fields": {"is_deleted": false, "created_at": "2022-10-29T11:23:12.040Z", "created_at_date": "2022-10-29", "updated_at": "2022-10-29T11:23:12.040Z", "updated_at_date": "2022-10-29", "name": "ايجى اسكان", "phone": "1111961519", "address": "اطلس شارع النيابة العسكرية", "mainClass": 2, "subClass": 2}}, {"model": "services.entity", "pk": 567, "fields": {"is_deleted": false, "created_at": "2022-10-29T11:23:12.049Z", "created_at_date": "2022-10-29", "updated_at": "2022-10-29T11:23:12.049Z", "updated_at_date": "2022-10-29", "name": "ايجى اسكان", "phone": "1066520057", "address": "كسر الحجر اسوان", "mainClass": 2, "subClass": 2}}, {"model": "services.entity", "pk": 568, "fields": {"is_deleted": false, "created_at": "2022-10-29T11:23:12.061Z", "created_at_date": "2022-10-29", "updated_at": "2022-10-29T11:23:12.061Z", "updated_at_date": "2022-10-29", "name": "اسنا التخصصي", "phone": "1012606987", "address": "إسنا الاقصر", "mainClass": 1, "subClass": 1}}, {"model": "services.entity", "pk": 569, "fields": {"is_deleted": false, "created_at": "2022-10-29T11:23:12.071Z", "created_at_date": "2022-10-29", "updated_at": "2022-10-29T11:23:12.071Z", "updated_at_date": "2022-10-29", "name": "معامل د أمانى السمان", "phone": "1012500987", "address": "اسوان", "mainClass": 2, "subClass": 2}}, {"model": "services.entity", "pk": 570, "fields": {"is_deleted": false, "created_at": "2022-10-29T11:23:12.082Z", "created_at_date": "2022-10-29", "updated_at": "2022-10-29T11:23:12.082Z", "updated_at_date": "2022-10-29", "name": "مركز النيل للاشعة", "phone": "223786773", "address": "القاهرة - المعادى", "mainClass": 2, "subClass": 2}}, {"model": "services.entity", "pk": 571, "fields": {"is_deleted": false, "created_at": "2022-10-29T11:23:12.092Z", "created_at_date": "2022-10-29", "updated_at": "2022-10-29T11:23:12.092Z", "updated_at_date": "2022-10-29", "name": "مستشفى الأطفال جامعة اسيوط", "phone": "1222501780", "address": "أسيوط سط البلد", "mainClass": 1, "subClass": 1}}, {"model": "services.entity", "pk": 572, "fields": {"is_deleted": false, "created_at": "2022-10-29T11:23:12.103Z", "created_at_date": "2022-10-29", "updated_at": "2022-10-29T11:23:12.103Z", "updated_at_date": "2022-10-29", "name": "مستشفى جامعة اسيوط التخصصي", "phone": "1222501780", "address": "اسيوط", "mainClass": 1, "subClass": 1}}, {"model": "services.entity", "pk": 573, "fields": {"is_deleted": false, "created_at": "2022-10-29T11:23:12.112Z", "created_at_date": "2022-10-29", "updated_at": "2022-10-29T11:23:12.112Z", "updated_at_date": "2022-10-29", "name": "القلب وجراحاته بجامعة اسيوط", "phone": "1111961519", "address": "أسيوط سط البلد", "mainClass": 1, "subClass": 1}}, {"model": "services.entity", "pk": 574, "fields": {"is_deleted": false, "created_at": "2022-10-29T11:23:12.125Z", "created_at_date": "2022-10-29", "updated_at": "2022-10-29T11:23:12.125Z", "updated_at_date": "2022-10-29", "name": "الراجحي الجامعي للكبد باسيوط", "phone": "1017002227", "address": "اسيوط وسط البلد", "mainClass": 2, "subClass": 1}}, {"model": "services.entity", "pk": 575, "fields": {"is_deleted": false, "created_at": "2022-10-29T11:23:12.136Z", "created_at_date": "2022-10-29", "updated_at": "2022-10-29T11:23:12.136Z", "updated_at_date": "2022-10-29", "name": "الاقصر الدولي", "phone": "-", "address": "الأقصر - شارع المحطة", "mainClass": 1, "subClass": 1}}, {"model": "services.entity", "pk": 576, "fields": {"is_deleted": false, "created_at": "2022-10-29T11:23:12.147Z", "created_at_date": "2022-10-29", "updated_at": "2022-10-29T11:23:12.147Z", "updated_at_date": "2022-10-29", "name": "مستشفى الكرنك الدولى - الاقصر العام سابقا", "phone": "0", "address": "-", "mainClass": 1, "subClass": 1}}, {"model": "services.entity", "pk": 577, "fields": {"is_deleted": false, "created_at": "2022-10-29T11:23:12.159Z", "created_at_date": "2022-10-29", "updated_at": "2022-10-29T11:23:12.159Z", "updated_at_date": "2022-10-29", "name": "مركز صحتى الطبى", "phone": "1006040594", "address": "القاهرة -11شارع أحمد السكندرى - مصر الجديدة", "mainClass": 2, "subClass": 4}}, {"model": "services.entity", "pk": 578, "fields": {"is_deleted": false, "created_at": "2022-10-29T11:23:12.170Z", "created_at_date": "2022-10-29", "updated_at": "2022-10-29T11:23:12.170Z", "updated_at_date": "2022-10-29", "name": "الشيخ زايد التخصصي", "phone": ".", "address": "6 أكتوبر -القاهرة", "mainClass": 2, "subClass": 1}}, {"model": "services.entity", "pk": 579, "fields": {"is_deleted": false, "created_at": "2022-10-29T11:23:12.180Z", "created_at_date": "2022-10-29", "updated_at": "2022-10-29T11:23:12.180Z", "updated_at_date": "2022-10-29", "name": "سوهاج الجامعي", "phone": ".", "address": "سوهاج", "mainClass": 1, "subClass": 1}}, {"model": "services.entity", "pk": 580, "fields": {"is_deleted": false, "created_at": "2022-10-29T11:23:12.199Z", "created_at_date": "2022-10-29", "updated_at": "2022-10-29T11:23:12.199Z", "updated_at_date": "2022-10-29", "name": "المركز القومى للبحوث", "phone": "1017002227", "address": "6 أكتوبر -القاهرة", "mainClass": 1, "subClass": 5}}, {"model": "services.entity", "pk": 581, "fields": {"is_deleted": false, "created_at": "2022-10-29T11:23:12.217Z", "created_at_date": "2022-10-29", "updated_at": "2022-10-29T11:23:12.217Z", "updated_at_date": "2022-10-29", "name": "الاطفال التخصصي بنها", "phone": "1012606987", "address": "القليوبية -بنها", "mainClass": 1, "subClass": 1}}, {"model": "services.entity", "pk": 582, "fields": {"is_deleted": false, "created_at": "2022-10-29T11:23:12.227Z", "created_at_date": "2022-10-29", "updated_at": "2022-10-29T11:23:12.228Z", "updated_at_date": "2022-10-29", "name": "مستشفي ابو الريش الياباني", "phone": "23649645", "address": "1 شارع علي باشا إبراهيم-السبدة زينب", "mainClass": 1, "subClass": 1}}, {"model": "services.entity", "pk": 583, "fields": {"is_deleted": false, "created_at": "2022-10-29T11:23:12.240Z", "created_at_date": "2022-10-29", "updated_at": "2022-10-29T11:23:12.240Z", "updated_at_date": "2022-10-29", "name": "قنا الجامعي", "phone": "963227405", "address": "قنا - وسط البلد", "mainClass": 1, "subClass": 1}}, {"model": "services.entity", "pk": 584, "fields": {"is_deleted": false, "created_at": "2022-10-29T11:23:12.252Z", "created_at_date": "2022-10-29", "updated_at": "2022-10-29T11:23:12.252Z", "updated_at_date": "2022-10-29", "name": "مستشفى الشرطة باسيوط", "phone": "882315466", "address": "كورنيش الإبراهيمية، الوليدية القبلية، قسم ثان أسيوط، أسيوط", "mainClass": 1, "subClass": 1}}, {"model": "services.entity", "pk": 585, "fields": {"is_deleted": false, "created_at": "2022-10-29T11:23:12.275Z", "created_at_date": "2022-10-29", "updated_at": "2022-10-29T11:23:12.275Z", "updated_at_date": "2022-10-29", "name": "57357", "phone": "225351500", "address": "سكة حديد المحجر، زينهم، قسم السيدة زينب، محافظة القاهرة‬", "mainClass": 2, "subClass": 1}}, {"model": "services.entity", "pk": 586, "fields": {"is_deleted": false, "created_at": "2022-10-29T11:23:12.288Z", "created_at_date": "2022-10-29", "updated_at": "2022-10-29T11:23:12.288Z", "updated_at_date": "2022-10-29", "name": "مستشفى صدر العباسية", "phone": "223425245", "address": "العباسية، 6 السكة البيضاء، مدينة نصر، محافظة القاهرة‬", "mainClass": 1, "subClass": 1}}, {"model": "services.entity", "pk": 587, "fields": {"is_deleted": false, "created_at": "2022-10-29T11:23:12.299Z", "created_at_date": "2022-10-29", "updated_at": "2022-10-29T11:23:12.299Z", "updated_at_date": "2022-10-29", "name": "مستشفى الصحة النفسية بالعباسية", "phone": "22616255", "address": "القاهرة - شارع صلاح سالم", "mainClass": 1, "subClass": 1}}, {"model": "services.entity", "pk": 588, "fields": {"is_deleted": false, "created_at": "2022-10-29T11:23:12.308Z", "created_at_date": "2022-10-29", "updated_at": "2022-10-29T11:23:12.308Z", "updated_at_date": "2022-10-29", "name": "معهد اورام سوهاج", "phone": "1", "address": "اسوان", "mainClass": 1, "subClass": 6}}, {"model": "services.entity", "pk": 589, "fields": {"is_deleted": false, "created_at": "2022-10-29T11:23:12.318Z", "created_at_date": "2022-10-29", "updated_at": "2022-10-29T11:23:12.318Z", "updated_at_date": "2022-10-29", "name": "مركز الماسة للعيون والليزر", "phone": ".", "address": "أسوان - ميدان كسر الحجر - برج الطارق", "mainClass": 2, "subClass": 4}}, {"model": "services.entity", "pk": 590, "fields": {"is_deleted": false, "created_at": "2022-10-29T11:23:12.328Z", "created_at_date": "2022-10-29", "updated_at": "2022-10-29T11:23:12.328Z", "updated_at_date": "2022-10-29", "name": "مركز حضانات العقاد", "phone": ".", "address": "أسوان - طريق السادات - بجوار التأمين الصحى", "mainClass": 2, "subClass": 4}}, {"model": "services.entity", "pk": 591, "fields": {"is_deleted": false, "created_at": "2022-10-29T11:23:12.337Z", "created_at_date": "2022-10-29", "updated_at": "2022-10-29T11:23:12.337Z", "updated_at_date": "2022-10-29", "name": "ارمنت التخصصي", "phone": "0", "address": "-", "mainClass": 1, "subClass": 1}}, {"model": "services.entity", "pk": 592, "fields": {"is_deleted": false, "created_at": "2022-10-29T11:23:12.346Z", "created_at_date": "2022-10-29", "updated_at": "2022-10-29T11:23:12.346Z", "updated_at_date": "2022-10-29", "name": "معهد القومي للأورام", "phone": "0", "address": "-", "mainClass": 1, "subClass": 6}}, {"model": "services.entity", "pk": 593, "fields": {"is_deleted": false, "created_at": "2022-10-29T11:23:12.358Z", "created_at_date": "2022-10-29", "updated_at": "2022-10-29T11:23:12.359Z", "updated_at_date": "2022-10-29", "name": "اطفال مصر", "phone": "0", "address": "-", "mainClass": 2, "subClass": 1}}, {"model": "services.entity", "pk": 594, "fields": {"is_deleted": false, "created_at": "2022-10-29T11:23:12.372Z", "created_at_date": "2022-10-29", "updated_at": "2022-10-29T11:23:12.372Z", "updated_at_date": "2022-10-29", "name": "مستشفي السلام الدولي - بالمعادى", "phone": "0", "address": "-", "mainClass": 1, "subClass": 1}}, {"model": "services.entity", "pk": 595, "fields": {"is_deleted": false, "created_at": "2022-10-29T11:23:12.381Z", "created_at_date": "2022-10-29", "updated_at": "2022-10-29T11:23:12.381Z", "updated_at_date": "2022-10-29", "name": "مركز اورام دار السلام", "phone": "0", "address": "-", "mainClass": 2, "subClass": 4}}, {"model": "services.entity", "pk": 596, "fields": {"is_deleted": false, "created_at": "2022-10-29T11:23:12.390Z", "created_at_date": "2022-10-29", "updated_at": "2022-10-29T11:23:12.390Z", "updated_at_date": "2022-10-29", "name": "اسيوط الجامعي", "phone": "0", "address": "-", "mainClass": 1, "subClass": 1}}, {"model": "services.entity", "pk": 597, "fields": {"is_deleted": false, "created_at": "2022-10-29T11:23:12.400Z", "created_at_date": "2022-10-29", "updated_at": "2022-10-29T11:23:12.400Z", "updated_at_date": "2022-10-29", "name": "معهد جنوب مصر الاورام", "phone": "0", "address": "-", "mainClass": 1, "subClass": 6}}, {"model": "services.entity", "pk": 598, "fields": {"is_deleted": false, "created_at": "2022-10-29T11:23:12.412Z", "created_at_date": "2022-10-29", "updated_at": "2022-10-29T11:23:12.412Z", "updated_at_date": "2022-10-29", "name": "المنيل الجامعي", "phone": "0", "address": "-", "mainClass": 1, "subClass": 1}}, {"model": "services.entity", "pk": 599, "fields": {"is_deleted": false, "created_at": "2022-10-29T11:23:12.423Z", "created_at_date": "2022-10-29", "updated_at": "2022-10-29T11:23:12.423Z", "updated_at_date": "2022-10-29", "name": "كفر شكر المركزي", "phone": "0", "address": "-", "mainClass": 1, "subClass": 1}}, {"model": "services.entity", "pk": 600, "fields": {"is_deleted": false, "created_at": "2022-10-29T11:23:12.441Z", "created_at_date": "2022-10-29", "updated_at": "2022-10-29T11:23:12.441Z", "updated_at_date": "2022-10-29", "name": "عين شمس التخصصي", "phone": "0", "address": "-", "mainClass": 1, "subClass": 1}}, {"model": "services.entity", "pk": 601, "fields": {"is_deleted": false, "created_at": "2022-10-29T11:23:12.479Z", "created_at_date": "2022-10-29", "updated_at": "2022-10-29T11:23:12.479Z", "updated_at_date": "2022-10-29", "name": "الاطفال جامعه القاهره أبو الريش", "phone": "0", "address": "-", "mainClass": 1, "subClass": 1}}, {"model": "services.entity", "pk": 602, "fields": {"is_deleted": false, "created_at": "2022-10-29T11:23:12.489Z", "created_at_date": "2022-10-29", "updated_at": "2022-10-29T11:23:12.489Z", "updated_at_date": "2022-10-29", "name": "المنيل الجامعي التخصصي", "phone": "0", "address": "-", "mainClass": 1, "subClass": 1}}, {"model": "services.entity", "pk": 603, "fields": {"is_deleted": false, "created_at": "2022-10-29T11:23:12.498Z", "created_at_date": "2022-10-29", "updated_at": "2022-10-29T11:23:12.498Z", "updated_at_date": "2022-10-29", "name": "مستشفى العديسات التخصصى للاطفال -الاقصر", "phone": "0", "address": "-", "mainClass": 1, "subClass": 1}}, {"model": "services.entity", "pk": 604, "fields": {"is_deleted": false, "created_at": "2022-10-29T11:23:12.506Z", "created_at_date": "2022-10-29", "updated_at": "2022-10-29T11:23:12.506Z", "updated_at_date": "2022-10-29", "name": "حميات قنا", "phone": "0", "address": "-", "mainClass": 1, "subClass": 1}}, {"model": "services.entity", "pk": 605, "fields": {"is_deleted": false, "created_at": "2022-10-29T11:23:12.517Z", "created_at_date": "2022-10-29", "updated_at": "2022-10-29T11:23:12.517Z", "updated_at_date": "2022-10-29", "name": "الهلال برمسيس", "phone": "0", "address": "-", "mainClass": 2, "subClass": 4}}, {"model": "services.entity", "pk": 606, "fields": {"is_deleted": false, "created_at": "2022-10-29T11:23:12.526Z", "created_at_date": "2022-10-29", "updated_at": "2022-10-29T11:23:12.526Z", "updated_at_date": "2022-10-29", "name": "مستشفى ايزيس التخصصي للنسا والتوليد", "phone": "0", "address": "-", "mainClass": 1, "subClass": 1}}, {"model": "services.entity", "pk": 607, "fields": {"is_deleted": false, "created_at": "2022-10-29T11:23:12.535Z", "created_at_date": "2022-10-29", "updated_at": "2022-10-29T11:23:12.535Z", "updated_at_date": "2022-10-29", "name": "مستشفى جامعة القاهرة", "phone": "0", "address": "-", "mainClass": 1, "subClass": 1}}, {"model": "services.entity", "pk": 608, "fields": {"is_deleted": false, "created_at": "2022-10-29T11:23:12.545Z", "created_at_date": "2022-10-29", "updated_at": "2022-10-29T11:23:12.545Z", "updated_at_date": "2022-10-29", "name": "مدينه نصر للتامين الصحي", "phone": "0", "address": "مدينة نصر", "mainClass": 1, "subClass": 1}}, {"model": "services.entity", "pk": 609, "fields": {"is_deleted": false, "created_at": "2022-10-29T11:23:12.555Z", "created_at_date": "2022-10-29", "updated_at": "2022-10-29T11:23:12.555Z", "updated_at_date": "2022-10-29", "name": "الزهراء الجامعي", "phone": "0", "address": "-", "mainClass": 1, "subClass": 1}}, {"model": "services.entity", "pk": 610, "fields": {"is_deleted": false, "created_at": "2022-10-29T11:23:12.566Z", "created_at_date": "2022-10-29", "updated_at": "2022-10-29T11:23:12.566Z", "updated_at_date": "2022-10-29", "name": "المعهد القومي للكلي والمسالك بالمطريه", "phone": "0", "address": "-", "mainClass": 1, "subClass": 6}}, {"model": "services.entity", "pk": 611, "fields": {"is_deleted": false, "created_at": "2022-10-29T11:23:12.577Z", "created_at_date": "2022-10-29", "updated_at": "2022-10-29T11:23:12.577Z", "updated_at_date": "2022-10-29", "name": "الحسين الجامعي", "phone": "0", "address": "-", "mainClass": 1, "subClass": 1}}, {"model": "services.entity", "pk": 612, "fields": {"is_deleted": false, "created_at": "2022-10-29T11:23:12.588Z", "created_at_date": "2022-10-29", "updated_at": "2022-10-29T11:23:12.588Z", "updated_at_date": "2022-10-29", "name": "القصر العيني التعليمي الجديد", "phone": "0", "address": "-", "mainClass": 1, "subClass": 1}}, {"model": "services.entity", "pk": 613, "fields": {"is_deleted": false, "created_at": "2022-10-29T11:23:12.602Z", "created_at_date": "2022-10-29", "updated_at": "2022-10-29T11:23:12.602Z", "updated_at_date": "2022-10-29", "name": "جامعه الازهر باسيوط", "phone": "0", "address": "جامعة الازهر اسيوط", "mainClass": 1, "subClass": 1}}, {"model": "services.entity", "pk": 614, "fields": {"is_deleted": false, "created_at": "2022-10-29T11:23:12.611Z", "created_at_date": "2022-10-29", "updated_at": "2022-10-29T11:23:12.611Z", "updated_at_date": "2022-10-29", "name": "جامعة قناة السويس", "phone": "0", "address": "الاسماعلية", "mainClass": 1, "subClass": 1}}, {"model": "services.entity", "pk": 615, "fields": {"is_deleted": false, "created_at": "2022-10-29T11:23:12.620Z", "created_at_date": "2022-10-29", "updated_at": "2022-10-29T11:23:12.620Z", "updated_at_date": "2022-10-29", "name": "وحدة علاج الفيروسات الكبدية بمعهد الكبد القومي بالمنوفيه", "phone": "0", "address": "-", "mainClass": 1, "subClass": 4}}, {"model": "services.entity", "pk": 616, "fields": {"is_deleted": false, "created_at": "2022-10-29T11:23:12.628Z", "created_at_date": "2022-10-29", "updated_at": "2022-10-29T11:23:12.628Z", "updated_at_date": "2022-10-29", "name": "الغردقه العام", "phone": "0", "address": "الغردقة", "mainClass": 1, "subClass": 1}}, {"model": "services.entity", "pk": 617, "fields": {"is_deleted": false, "created_at": "2022-10-29T11:23:12.636Z", "created_at_date": "2022-10-29", "updated_at": "2022-10-29T11:23:12.636Z", "updated_at_date": "2022-10-29", "name": "مركز اورام سوهاج العسكري", "phone": "1", "address": "اسوان", "mainClass": 1, "subClass": 4}}, {"model": "services.entity", "pk": 618, "fields": {"is_deleted": false, "created_at": "2022-10-29T11:23:12.645Z", "created_at_date": "2022-10-29", "updated_at": "2022-10-29T11:23:12.645Z", "updated_at_date": "2022-10-29", "name": "قنا العام", "phone": "0", "address": "قنا", "mainClass": 1, "subClass": 1}}, {"model": "services.entity", "pk": 619, "fields": {"is_deleted": false, "created_at": "2022-10-29T11:23:12.663Z", "created_at_date": "2022-10-29", "updated_at": "2022-10-29T11:23:12.663Z", "updated_at_date": "2022-10-29", "name": "مركز امراض الكلي والمسالك بالمنصوره", "phone": "0", "address": "-", "mainClass": 2, "subClass": 4}}, {"model": "services.servicemainclass", "pk": 1, "fields": {"is_deleted": false, "created_at": "2022-10-29T17:21:49.220Z", "created_at_date": "2022-10-29", "updated_at": "2022-10-29T17:21:49.220Z", "updated_at_date": "2022-10-29", "name": "تحاليل"}}, {"model": "services.servicesubclass", "pk": 1, "fields": {"is_deleted": false, "created_at": "2022-10-29T17:30:35.094Z", "created_at_date": "2022-10-29", "updated_at": "2022-10-29T17:30:35.094Z", "updated_at_date": "2022-10-29", "name": "المعامل - امراض الدم"}}, {"model": "services.service", "pk": 1, "fields": {"is_deleted": false, "created_at": "2022-10-29T17:31:07.198Z", "created_at_date": "2022-10-29", "updated_at": "2022-10-29T17:31:07.198Z", "updated_at_date": "2022-10-29", "name": "CBC", "mainClass": 1, "subClass": 1, "code": 1, "price": null}}, {"model": "services.letter", "pk": 1, "fields": {"is_deleted": false, "created_at": "2022-10-29T18:07:34.352Z", "created_at_date": "2022-10-29", "updated_at": "2022-10-30T07:41:20.299Z", "updated_at_date": "2022-10-30", "name": "محمد حسن على حسين", "naId": "24634686531351", "by_doctor": "د / ايمن صابر", "law": 1, "ayada": 1, "diagnosis": "ألم باعين اليسرى", "description": "تشبه ترتيب حروف الهجاء قديماً في اللغة العربية، وقد أخذ هذا الترتيب من الترتيب السامي القديم في العربية، والكلمتين «ثخذ» و«ضظغ» تسمى من الروادف «التابعة»، وكانت تنقص عن الأحرف العربية بِسِتَّة حروف، قبل أن يجمعها «نصر بن عاصم» الذي يعد من علماء النحو", "price": 10, "entity": 531, "created_by": "احمد محمود محمد", "services": [1]}}, {"model": "services.letter", "pk": 2, "fields": {"is_deleted": false, "created_at": "2022-10-30T06:45:44.875Z", "created_at_date": "2022-10-30", "updated_at": "2022-10-30T06:45:44.875Z", "updated_at_date": "2022-10-30", "name": "محمد حسنلا محمد على", "naId": "65468465165135", "by_doctor": "د / محمد حسن", "law": 1, "ayada": 1, "diagnosis": "بلبيلب", "description": "-لالا", "price": 10, "entity": 531, "created_by": "احمد عزو", "services": [1]}}, {"model": "clinics.specific", "pk": 1, "fields": {"is_deleted": false, "created_at": "2022-10-29T00:00:11.263Z", "created_at_date": "2022-10-29", "updated_at": "2022-10-29T00:00:11.263Z", "updated_at_date": "2022-10-29", "name": "باطنة"}}, {"model": "clinics.specific", "pk": 2, "fields": {"is_deleted": false, "created_at": "2022-10-29T00:00:18.346Z", "created_at_date": "2022-10-29", "updated_at": "2022-10-29T00:00:18.347Z", "updated_at_date": "2022-10-29", "name": "الرمد"}}, {"model": "clinics.specific", "pk": 3, "fields": {"is_deleted": false, "created_at": "2022-10-29T00:00:23.374Z", "created_at_date": "2022-10-29", "updated_at": "2022-10-29T00:00:23.374Z", "updated_at_date": "2022-10-29", "name": "القلب"}}, {"model": "clinics.specific", "pk": 4, "fields": {"is_deleted": false, "created_at": "2022-10-29T00:00:38.368Z", "created_at_date": "2022-10-29", "updated_at": "2022-10-29T00:00:38.368Z", "updated_at_date": "2022-10-29", "name": "الاوعيه الدمويه"}}, {"model": "clinics.category", "pk": 1, "fields": {"is_deleted": false, "created_at": "2022-10-29T00:01:10.913Z", "created_at_date": "2022-10-29", "updated_at": "2022-10-29T00:01:10.913Z", "updated_at_date": "2022-10-29", "specific": 1, "ayada": 1}}, {"model": "clinics.category", "pk": 2, "fields": {"is_deleted": false, "created_at": "2022-10-29T00:01:15.639Z", "created_at_date": "2022-10-29", "updated_at": "2022-10-29T00:01:15.639Z", "updated_at_date": "2022-10-29", "specific": 2, "ayada": 1}}, {"model": "clinics.category", "pk": 3, "fields": {"is_deleted": false, "created_at": "2022-10-29T00:01:21.891Z", "created_at_date": "2022-10-29", "updated_at": "2022-10-29T00:01:21.891Z", "updated_at_date": "2022-10-29", "specific": 3, "ayada": 1}}, {"model": "clinics.category", "pk": 4, "fields": {"is_deleted": false, "created_at": "2022-10-29T00:01:27.166Z", "created_at_date": "2022-10-29", "updated_at": "2022-10-29T00:01:27.166Z", "updated_at_date": "2022-10-29", "specific": 4, "ayada": 1}}, {"model": "clinics.dailyreport", "pk": 1, "fields": {"is_deleted": false, "created_at": "2022-10-29T03:16:49.289Z", "created_at_date": "2022-10-29", "updated_at": "2022-10-29T03:18:00.710Z", "updated_at_date": "2022-10-29", "day": "2022-10-29", "category": 1, "ayada": 1, "num": 5}}, {"model": "clinics.dailyreport", "pk": 2, "fields": {"is_deleted": false, "created_at": "2022-10-29T03:18:00.735Z", "created_at_date": "2022-10-29", "updated_at": "2022-10-29T03:18:00.735Z", "updated_at_date": "2022-10-29", "day": "2022-10-29", "category": 2, "ayada": 1, "num": 7}}, {"model": "clinics.dailyreport", "pk": 3, "fields": {"is_deleted": false, "created_at": "2022-10-29T03:18:00.774Z", "created_at_date": "2022-10-29", "updated_at": "2022-10-29T03:18:00.774Z", "updated_at_date": "2022-10-29", "day": "2022-10-29", "category": 3, "ayada": 1, "num": 9}}, {"model": "clinics.dailyreport", "pk": 4, "fields": {"is_deleted": false, "created_at": "2022-10-29T03:18:00.790Z", "created_at_date": "2022-10-29", "updated_at": "2022-10-29T03:18:00.790Z", "updated_at_date": "2022-10-29", "day": "2022-10-29", "category": 4, "ayada": 1, "num": 5}}, {"model": "admin.logentry", "pk": 1, "fields": {"action_time": "2022-10-28T23:48:52.958Z", "user": ["hio"], "content_type": ["services", "area"], "object_id": "7", "object_repr": "الكل", "action_flag": 1, "change_message": "new through import_export"}}, {"model": "admin.logentry", "pk": 2, "fields": {"action_time": "2022-10-28T23:48:52.964Z", "user": ["hio"], "content_type": ["services", "area"], "object_id": "6", "object_repr": "نصر النوبة", "action_flag": 1, "change_message": "new through import_export"}}, {"model": "admin.logentry", "pk": 3, "fields": {"action_time": "2022-10-28T23:48:52.970Z", "user": ["hio"], "content_type": ["services", "area"], "object_id": "4", "object_repr": "دراو", "action_flag": 1, "change_message": "new through import_export"}}, {"model": "admin.logentry", "pk": 4, "fields": {"action_time": "2022-10-28T23:48:52.976Z", "user": ["hio"], "content_type": ["services", "area"], "object_id": "3", "object_repr": "ادفو", "action_flag": 1, "change_message": "new through import_export"}}, {"model": "admin.logentry", "pk": 5, "fields": {"action_time": "2022-10-28T23:48:52.981Z", "user": ["hio"], "content_type": ["services", "area"], "object_id": "2", "object_repr": "كوم امبو", "action_flag": 1, "change_message": "new through import_export"}}, {"model": "admin.logentry", "pk": 6, "fields": {"action_time": "2022-10-28T23:48:52.987Z", "user": ["hio"], "content_type": ["services", "area"], "object_id": "1", "object_repr": "اسوان", "action_flag": 1, "change_message": "new through import_export"}}, {"model": "admin.logentry", "pk": 7, "fields": {"action_time": "2022-10-28T23:49:06.853Z", "user": ["hio"], "content_type": ["services", "ayadat"], "object_id": "15", "object_repr": "الكل", "action_flag": 1, "change_message": "new through import_export"}}, {"model": "admin.logentry", "pk": 8, "fields": {"action_time": "2022-10-28T23:49:06.859Z", "user": ["hio"], "content_type": ["services", "ayadat"], "object_id": "14", "object_repr": "عيادة السباعية", "action_flag": 1, "change_message": "new through import_export"}}, {"model": "admin.logentry", "pk": 9, "fields": {"action_time": "2022-10-28T23:49:06.874Z", "user": ["hio"], "content_type": ["services", "ayadat"], "object_id": "13", "object_repr": "عيادة البصيلية", "action_flag": 1, "change_message": "new through import_export"}}, {"model": "admin.logentry", "pk": 10, "fields": {"action_time": "2022-10-28T23:49:06.888Z", "user": ["hio"], "content_type": ["services", "ayadat"], "object_id": "12", "object_repr": "عيادة بنبان", "action_flag": 1, "change_message": "new through import_export"}}, {"model": "admin.logentry", "pk": 11, "fields": {"action_time": "2022-10-28T23:49:06.897Z", "user": ["hio"], "content_type": ["services", "ayadat"], "object_id": "11", "object_repr": "عيادة طلاب نصر النوبة", "action_flag": 1, "change_message": "new through import_export"}}, {"model": "admin.logentry", "pk": 12, "fields": {"action_time": "2022-10-28T23:49:06.908Z", "user": ["hio"], "content_type": ["services", "ayadat"], "object_id": "10", "object_repr": "عيادة نصر النوبة الشاملة", "action_flag": 1, "change_message": "new through import_export"}}, {"model": "admin.logentry", "pk": 13, "fields": {"action_time": "2022-10-28T23:49:06.920Z", "user": ["hio"], "content_type": ["services", "ayadat"], "object_id": "9", "object_repr": "عيادة طلاب دراو", "action_flag": 1, "change_message": "new through import_export"}}, {"model": "admin.logentry", "pk": 14, "fields": {"action_time": "2022-10-28T23:49:06.933Z", "user": ["hio"], "content_type": ["services", "ayadat"], "object_id": "8", "object_repr": "عيادة دراو الشاملة", "action_flag": 1, "change_message": "new through import_export"}}, {"model": "admin.logentry", "pk": 15, "fields": {"action_time": "2022-10-28T23:49:06.945Z", "user": ["hio"], "content_type": ["services", "ayadat"], "object_id": "7", "object_repr": "عيادة طلاب ادفو", "action_flag": 1, "change_message": "new through import_export"}}, {"model": "admin.logentry", "pk": 16, "fields": {"action_time": "2022-10-28T23:49:06.950Z", "user": ["hio"], "content_type": ["services", "ayadat"], "object_id": "6", "object_repr": "عيادة ادفو الشاملة", "action_flag": 1, "change_message": "new through import_export"}}, {"model": "admin.logentry", "pk": 17, "fields": {"action_time": "2022-10-28T23:49:06.961Z", "user": ["hio"], "content_type": ["services", "ayadat"], "object_id": "5", "object_repr": "عيادة طلاب كوم امبو", "action_flag": 1, "change_message": "new through import_export"}}, {"model": "admin.logentry", "pk": 18, "fields": {"action_time": "2022-10-28T23:49:06.973Z", "user": ["hio"], "content_type": ["services", "ayadat"], "object_id": "4", "object_repr": "عيادة كوم امبو الشاملة", "action_flag": 1, "change_message": "new through import_export"}}, {"model": "admin.logentry", "pk": 19, "fields": {"action_time": "2022-10-28T23:49:06.981Z", "user": ["hio"], "content_type": ["services", "ayadat"], "object_id": "3", "object_repr": "عيادة اسوان الشاملة - الاوقاف", "action_flag": 1, "change_message": "new through import_export"}}, {"model": "admin.logentry", "pk": 20, "fields": {"action_time": "2022-10-28T23:49:06.999Z", "user": ["hio"], "content_type": ["services", "ayadat"], "object_id": "2", "object_repr": "عيادة طلاب مداس اسوان", "action_flag": 1, "change_message": "new through import_export"}}, {"model": "admin.logentry", "pk": 21, "fields": {"action_time": "2022-10-28T23:49:07.008Z", "user": ["hio"], "content_type": ["services", "ayadat"], "object_id": "1", "object_repr": "عيادة اسوان الشاملة - التاهيل", "action_flag": 1, "change_message": "new through import_export"}}, {"model": "admin.logentry", "pk": 22, "fields": {"action_time": "2022-10-28T23:49:28.704Z", "user": ["hio"], "content_type": ["services", "entitymainclass"], "object_id": "3", "object_repr": "اخرى", "action_flag": 1, "change_message": "new through import_export"}}, {"model": "admin.logentry", "pk": 23, "fields": {"action_time": "2022-10-28T23:49:28.710Z", "user": ["hio"], "content_type": ["services", "entitymainclass"], "object_id": "2", "object_repr": "خاص", "action_flag": 1, "change_message": "new through import_export"}}, {"model": "admin.logentry", "pk": 24, "fields": {"action_time": "2022-10-28T23:49:28.715Z", "user": ["hio"], "content_type": ["services", "entitymainclass"], "object_id": "1", "object_repr": "جهه حكوميه", "action_flag": 1, "change_message": "new through import_export"}}, {"model": "admin.logentry", "pk": 25, "fields": {"action_time": "2022-10-28T23:49:40.429Z", "user": ["hio"], "content_type": ["services", "entitysubclass"], "object_id": "5", "object_repr": "اخرى", "action_flag": 1, "change_message": "new through import_export"}}, {"model": "admin.logentry", "pk": 26, "fields": {"action_time": "2022-10-28T23:49:40.438Z", "user": ["hio"], "content_type": ["services", "entitysubclass"], "object_id": "4", "object_repr": "مركز", "action_flag": 1, "change_message": "new through import_export"}}, {"model": "admin.logentry", "pk": 27, "fields": {"action_time": "2022-10-28T23:49:40.449Z", "user": ["hio"], "content_type": ["services", "entitysubclass"], "object_id": "3", "object_repr": "حضانه", "action_flag": 1, "change_message": "new through import_export"}}, {"model": "admin.logentry", "pk": 28, "fields": {"action_time": "2022-10-28T23:49:40.455Z", "user": ["hio"], "content_type": ["services", "entitysubclass"], "object_id": "2", "object_repr": "مركز اشعه وتحاليل", "action_flag": 1, "change_message": "new through import_export"}}, {"model": "admin.logentry", "pk": 29, "fields": {"action_time": "2022-10-28T23:49:40.461Z", "user": ["hio"], "content_type": ["services", "entitysubclass"], "object_id": "1", "object_repr": "مستشفى", "action_flag": 1, "change_message": "new through import_export"}}, {"model": "admin.logentry", "pk": 30, "fields": {"action_time": "2022-10-28T23:50:02.329Z", "user": ["hio"], "content_type": ["services", "law"], "object_id": "3", "object_repr": "طلاب", "action_flag": 1, "change_message": "new through import_export"}}, {"model": "admin.logentry", "pk": 31, "fields": {"action_time": "2022-10-28T23:50:02.340Z", "user": ["hio"], "content_type": ["services", "law"], "object_id": "2", "object_repr": "معاشات", "action_flag": 1, "change_message": "new through import_export"}}, {"model": "admin.logentry", "pk": 32, "fields": {"action_time": "2022-10-28T23:50:02.348Z", "user": ["hio"], "content_type": ["services", "law"], "object_id": "1", "object_repr": "موظفين", "action_flag": 1, "change_message": "new through import_export"}}, {"model": "admin.logentry", "pk": 33, "fields": {"action_time": "2022-10-28T23:50:33.011Z", "user": ["hio"], "content_type": ["auth", "user"], "object_id": "2", "object_repr": "ahmed_Azo", "action_flag": 1, "change_message": "[{\"added\": {}}, {\"added\": {\"name\": \"employee\", \"object\": \"Employee object (1)\"}}]"}}, {"model": "admin.logentry", "pk": 34, "fields": {"action_time": "2022-10-28T23:51:13.390Z", "user": ["hio"], "content_type": ["auth", "user"], "object_id": "2", "object_repr": "ahmed_Azo", "action_flag": 2, "change_message": "[{\"changed\": {\"fields\": [\"User permissions\"]}}]"}}, {"model": "admin.logentry", "pk": 35, "fields": {"action_time": "2022-10-28T23:51:41.344Z", "user": ["hio"], "content_type": ["auth", "user"], "object_id": "3", "object_repr": "yousef_shaban", "action_flag": 1, "change_message": "[{\"added\": {}}, {\"added\": {\"name\": \"employee\", \"object\": \"Employee object (2)\"}}]"}}, {"model": "admin.logentry", "pk": 36, "fields": {"action_time": "2022-10-28T23:52:45.661Z", "user": ["hio"], "content_type": ["auth", "user"], "object_id": "3", "object_repr": "yousef_shaban", "action_flag": 2, "change_message": "[{\"changed\": {\"fields\": [\"First name\", \"Last name\", \"User permissions\"]}}]"}}, {"model": "admin.logentry", "pk": 37, "fields": {"action_time": "2022-10-28T23:53:12.866Z", "user": ["hio"], "content_type": ["auth", "user"], "object_id": "4", "object_repr": "aswan_nurse1", "action_flag": 1, "change_message": "[{\"added\": {}}, {\"added\": {\"name\": \"employee\", \"object\": \"Employee object (3)\"}}]"}}, {"model": "admin.logentry", "pk": 38, "fields": {"action_time": "2022-10-28T23:53:51.777Z", "user": ["hio"], "content_type": ["auth", "user"], "object_id": "4", "object_repr": "aswan_nurse1", "action_flag": 2, "change_message": "[{\"changed\": {\"fields\": [\"First name\", \"Last name\", \"User permissions\"]}}]"}}, {"model": "admin.logentry", "pk": 39, "fields": {"action_time": "2022-10-28T23:55:46.842Z", "user": ["hio"], "content_type": ["auth", "group"], "object_id": "1", "object_repr": "clinic_member", "action_flag": 1, "change_message": "[{\"added\": {}}]"}}, {"model": "admin.logentry", "pk": 40, "fields": {"action_time": "2022-10-28T23:56:17.226Z", "user": ["hio"], "content_type": ["auth", "group"], "object_id": "2", "object_repr": "services_member", "action_flag": 1, "change_message": "[{\"added\": {}}]"}}, {"model": "admin.logentry", "pk": 41, "fields": {"action_time": "2022-10-28T23:56:43.107Z", "user": ["hio"], "content_type": ["auth", "group"], "object_id": "3", "object_repr": "admin_all", "action_flag": 1, "change_message": "[{\"added\": {}}]"}}, {"model": "admin.logentry", "pk": 42, "fields": {"action_time": "2022-10-28T23:56:52.116Z", "user": ["hio"], "content_type": ["auth", "user"], "object_id": "1", "object_repr": "hio", "action_flag": 2, "change_message": "[{\"changed\": {\"fields\": [\"Groups\"]}}]"}}, {"model": "admin.logentry", "pk": 43, "fields": {"action_time": "2022-10-28T23:57:21.947Z", "user": ["hio"], "content_type": ["auth", "user"], "object_id": "2", "object_repr": "ahmed_Azo", "action_flag": 2, "change_message": "[{\"changed\": {\"fields\": [\"First name\", \"Last name\", \"Groups\"]}}]"}}, {"model": "admin.logentry", "pk": 44, "fields": {"action_time": "2022-10-28T23:57:41.311Z", "user": ["hio"], "content_type": ["auth", "user"], "object_id": "3", "object_repr": "yousef_shaban", "action_flag": 2, "change_message": "[{\"changed\": {\"fields\": [\"Groups\"]}}]"}}, {"model": "admin.logentry", "pk": 45, "fields": {"action_time": "2022-10-29T00:00:11.268Z", "user": ["hio"], "content_type": ["clinics", "specific"], "object_id": "1", "object_repr": "باطنة", "action_flag": 1, "change_message": "[{\"added\": {}}]"}}, {"model": "admin.logentry", "pk": 46, "fields": {"action_time": "2022-10-29T00:00:18.348Z", "user": ["hio"], "content_type": ["clinics", "specific"], "object_id": "2", "object_repr": "الرمد", "action_flag": 1, "change_message": "[{\"added\": {}}]"}}, {"model": "admin.logentry", "pk": 47, "fields": {"action_time": "2022-10-29T00:00:23.376Z", "user": ["hio"], "content_type": ["clinics", "specific"], "object_id": "3", "object_repr": "القلب", "action_flag": 1, "change_message": "[{\"added\": {}}]"}}, {"model": "admin.logentry", "pk": 48, "fields": {"action_time": "2022-10-29T00:00:38.370Z", "user": ["hio"], "content_type": ["clinics", "specific"], "object_id": "4", "object_repr": "الاوعيه الدمويه", "action_flag": 1, "change_message": "[{\"added\": {}}]"}}, {"model": "admin.logentry", "pk": 49, "fields": {"action_time": "2022-10-29T00:01:10.916Z", "user": ["hio"], "content_type": ["clinics", "category"], "object_id": "1", "object_repr": "باطنة", "action_flag": 1, "change_message": "[{\"added\": {}}]"}}, {"model": "admin.logentry", "pk": 50, "fields": {"action_time": "2022-10-29T00:01:15.643Z", "user": ["hio"], "content_type": ["clinics", "category"], "object_id": "2", "object_repr": "الرمد", "action_flag": 1, "change_message": "[{\"added\": {}}]"}}, {"model": "admin.logentry", "pk": 51, "fields": {"action_time": "2022-10-29T00:01:21.897Z", "user": ["hio"], "content_type": ["clinics", "category"], "object_id": "3", "object_repr": "القلب", "action_flag": 1, "change_message": "[{\"added\": {}}]"}}, {"model": "admin.logentry", "pk": 52, "fields": {"action_time": "2022-10-29T00:01:27.167Z", "user": ["hio"], "content_type": ["clinics", "category"], "object_id": "4", "object_repr": "الاوعيه الدمويه", "action_flag": 1, "change_message": "[{\"added\": {}}]"}}, {"model": "admin.logentry", "pk": 53, "fields": {"action_time": "2022-10-29T00:02:27.056Z", "user": ["hio"], "content_type": ["auth", "user"], "object_id": "1", "object_repr": "hio", "action_flag": 2, "change_message": "[{\"added\": {\"name\": \"employee\", \"object\": \"Employee object (4)\"}}]"}}, {"model": "admin.logentry", "pk": 54, "fields": {"action_time": "2022-10-29T10:19:49.834Z", "user": ["hio"], "content_type": ["services", "entitysubclass"], "object_id": "6", "object_repr": "معهد", "action_flag": 1, "change_message": "[{\"added\": {}}]"}}, {"model": "admin.logentry", "pk": 55, "fields": {"action_time": "2022-10-29T10:40:32.304Z", "user": ["hio"], "content_type": ["services", "entity"], "object_id": "101", "object_repr": "مركز النيل للاشعة", "action_flag": 1, "change_message": "[{\"added\": {}}]"}}, {"model": "admin.logentry", "pk": 56, "fields": {"action_time": "2022-10-29T10:45:13.306Z", "user": ["hio"], "content_type": ["services", "entity"], "object_id": "211", "object_repr": "-", "action_flag": 1, "change_message": "new through import_export"}}, {"model": "admin.logentry", "pk": 57, "fields": {"action_time": "2022-10-29T10:45:13.313Z", "user": ["hio"], "content_type": ["services", "entity"], "object_id": "212", "object_repr": "-", "action_flag": 1, "change_message": "new through import_export"}}, {"model": "admin.logentry", "pk": 58, "fields": {"action_time": "2022-10-29T10:45:13.321Z", "user": ["hio"], "content_type": ["services", "entity"], "object_id": "213", "object_repr": "-", "action_flag": 1, "change_message": "new through import_export"}}, {"model": "admin.logentry", "pk": 59, "fields": {"action_time": "2022-10-29T10:45:13.328Z", "user": ["hio"], "content_type": ["services", "entity"], "object_id": "214", "object_repr": "-", "action_flag": 1, "change_message": "new through import_export"}}, {"model": "admin.logentry", "pk": 60, "fields": {"action_time": "2022-10-29T10:45:13.334Z", "user": ["hio"], "content_type": ["services", "entity"], "object_id": "215", "object_repr": "-", "action_flag": 1, "change_message": "new through import_export"}}, {"model": "admin.logentry", "pk": 61, "fields": {"action_time": "2022-10-29T10:45:13.339Z", "user": ["hio"], "content_type": ["services", "entity"], "object_id": "216", "object_repr": "-", "action_flag": 1, "change_message": "new through import_export"}}, {"model": "admin.logentry", "pk": 62, "fields": {"action_time": "2022-10-29T10:45:13.345Z", "user": ["hio"], "content_type": ["services", "entity"], "object_id": "217", "object_repr": "-", "action_flag": 1, "change_message": "new through import_export"}}, {"model": "admin.logentry", "pk": 63, "fields": {"action_time": "2022-10-29T10:45:13.352Z", "user": ["hio"], "content_type": ["services", "entity"], "object_id": "218", "object_repr": "-", "action_flag": 1, "change_message": "new through import_export"}}, {"model": "admin.logentry", "pk": 64, "fields": {"action_time": "2022-10-29T10:45:13.358Z", "user": ["hio"], "content_type": ["services", "entity"], "object_id": "219", "object_repr": "-", "action_flag": 1, "change_message": "new through import_export"}}, {"model": "admin.logentry", "pk": 65, "fields": {"action_time": "2022-10-29T10:45:13.364Z", "user": ["hio"], "content_type": ["services", "entity"], "object_id": "220", "object_repr": "-", "action_flag": 1, "change_message": "new through import_export"}}, {"model": "admin.logentry", "pk": 66, "fields": {"action_time": "2022-10-29T10:45:13.369Z", "user": ["hio"], "content_type": ["services", "entity"], "object_id": "221", "object_repr": "-", "action_flag": 1, "change_message": "new through import_export"}}, {"model": "admin.logentry", "pk": 67, "fields": {"action_time": "2022-10-29T10:45:13.375Z", "user": ["hio"], "content_type": ["services", "entity"], "object_id": "222", "object_repr": "-", "action_flag": 1, "change_message": "new through import_export"}}, {"model": "admin.logentry", "pk": 68, "fields": {"action_time": "2022-10-29T10:45:13.382Z", "user": ["hio"], "content_type": ["services", "entity"], "object_id": "223", "object_repr": "-", "action_flag": 1, "change_message": "new through import_export"}}, {"model": "admin.logentry", "pk": 69, "fields": {"action_time": "2022-10-29T10:45:13.389Z", "user": ["hio"], "content_type": ["services", "entity"], "object_id": "224", "object_repr": "-", "action_flag": 1, "change_message": "new through import_export"}}, {"model": "admin.logentry", "pk": 70, "fields": {"action_time": "2022-10-29T10:45:13.395Z", "user": ["hio"], "content_type": ["services", "entity"], "object_id": "225", "object_repr": "-", "action_flag": 1, "change_message": "new through import_export"}}, {"model": "admin.logentry", "pk": 71, "fields": {"action_time": "2022-10-29T10:45:13.400Z", "user": ["hio"], "content_type": ["services", "entity"], "object_id": "226", "object_repr": "-", "action_flag": 1, "change_message": "new through import_export"}}, {"model": "admin.logentry", "pk": 72, "fields": {"action_time": "2022-10-29T10:45:13.406Z", "user": ["hio"], "content_type": ["services", "entity"], "object_id": "227", "object_repr": "-", "action_flag": 1, "change_message": "new through import_export"}}, {"model": "admin.logentry", "pk": 73, "fields": {"action_time": "2022-10-29T10:45:13.412Z", "user": ["hio"], "content_type": ["services", "entity"], "object_id": "228", "object_repr": "-", "action_flag": 1, "change_message": "new through import_export"}}, {"model": "admin.logentry", "pk": 74, "fields": {"action_time": "2022-10-29T10:45:13.418Z", "user": ["hio"], "content_type": ["services", "entity"], "object_id": "229", "object_repr": "-", "action_flag": 1, "change_message": "new through import_export"}}, {"model": "admin.logentry", "pk": 75, "fields": {"action_time": "2022-10-29T10:45:13.423Z", "user": ["hio"], "content_type": ["services", "entity"], "object_id": "230", "object_repr": "-", "action_flag": 1, "change_message": "new through import_export"}}, {"model": "admin.logentry", "pk": 76, "fields": {"action_time": "2022-10-29T10:45:13.429Z", "user": ["hio"], "content_type": ["services", "entity"], "object_id": "231", "object_repr": "-", "action_flag": 1, "change_message": "new through import_export"}}, {"model": "admin.logentry", "pk": 77, "fields": {"action_time": "2022-10-29T10:45:13.435Z", "user": ["hio"], "content_type": ["services", "entity"], "object_id": "232", "object_repr": "-", "action_flag": 1, "change_message": "new through import_export"}}, {"model": "admin.logentry", "pk": 78, "fields": {"action_time": "2022-10-29T10:45:13.442Z", "user": ["hio"], "content_type": ["services", "entity"], "object_id": "233", "object_repr": "-", "action_flag": 1, "change_message": "new through import_export"}}, {"model": "admin.logentry", "pk": 79, "fields": {"action_time": "2022-10-29T10:45:13.449Z", "user": ["hio"], "content_type": ["services", "entity"], "object_id": "234", "object_repr": "-", "action_flag": 1, "change_message": "new through import_export"}}, {"model": "admin.logentry", "pk": 80, "fields": {"action_time": "2022-10-29T10:45:13.455Z", "user": ["hio"], "content_type": ["services", "entity"], "object_id": "235", "object_repr": "-", "action_flag": 1, "change_message": "new through import_export"}}, {"model": "admin.logentry", "pk": 81, "fields": {"action_time": "2022-10-29T10:45:13.462Z", "user": ["hio"], "content_type": ["services", "entity"], "object_id": "236", "object_repr": "-", "action_flag": 1, "change_message": "new through import_export"}}, {"model": "admin.logentry", "pk": 82, "fields": {"action_time": "2022-10-29T10:45:13.468Z", "user": ["hio"], "content_type": ["services", "entity"], "object_id": "237", "object_repr": "-", "action_flag": 1, "change_message": "new through import_export"}}, {"model": "admin.logentry", "pk": 83, "fields": {"action_time": "2022-10-29T10:45:13.474Z", "user": ["hio"], "content_type": ["services", "entity"], "object_id": "238", "object_repr": "-", "action_flag": 1, "change_message": "new through import_export"}}, {"model": "admin.logentry", "pk": 84, "fields": {"action_time": "2022-10-29T10:45:13.480Z", "user": ["hio"], "content_type": ["services", "entity"], "object_id": "239", "object_repr": "-", "action_flag": 1, "change_message": "new through import_export"}}, {"model": "admin.logentry", "pk": 85, "fields": {"action_time": "2022-10-29T10:45:13.488Z", "user": ["hio"], "content_type": ["services", "entity"], "object_id": "240", "object_repr": "-", "action_flag": 1, "change_message": "new through import_export"}}, {"model": "admin.logentry", "pk": 86, "fields": {"action_time": "2022-10-29T10:45:13.495Z", "user": ["hio"], "content_type": ["services", "entity"], "object_id": "241", "object_repr": "-", "action_flag": 1, "change_message": "new through import_export"}}, {"model": "admin.logentry", "pk": 87, "fields": {"action_time": "2022-10-29T10:45:13.503Z", "user": ["hio"], "content_type": ["services", "entity"], "object_id": "242", "object_repr": "-", "action_flag": 1, "change_message": "new through import_export"}}, {"model": "admin.logentry", "pk": 88, "fields": {"action_time": "2022-10-29T10:45:13.509Z", "user": ["hio"], "content_type": ["services", "entity"], "object_id": "243", "object_repr": "-", "action_flag": 1, "change_message": "new through import_export"}}, {"model": "admin.logentry", "pk": 89, "fields": {"action_time": "2022-10-29T10:45:13.516Z", "user": ["hio"], "content_type": ["services", "entity"], "object_id": "244", "object_repr": "-", "action_flag": 1, "change_message": "new through import_export"}}, {"model": "admin.logentry", "pk": 90, "fields": {"action_time": "2022-10-29T10:45:13.523Z", "user": ["hio"], "content_type": ["services", "entity"], "object_id": "245", "object_repr": "-", "action_flag": 1, "change_message": "new through import_export"}}, {"model": "admin.logentry", "pk": 91, "fields": {"action_time": "2022-10-29T10:45:13.529Z", "user": ["hio"], "content_type": ["services", "entity"], "object_id": "246", "object_repr": "-", "action_flag": 1, "change_message": "new through import_export"}}, {"model": "admin.logentry", "pk": 92, "fields": {"action_time": "2022-10-29T10:45:13.534Z", "user": ["hio"], "content_type": ["services", "entity"], "object_id": "247", "object_repr": "-", "action_flag": 1, "change_message": "new through import_export"}}, {"model": "admin.logentry", "pk": 93, "fields": {"action_time": "2022-10-29T10:45:13.542Z", "user": ["hio"], "content_type": ["services", "entity"], "object_id": "248", "object_repr": "-", "action_flag": 1, "change_message": "new through import_export"}}, {"model": "admin.logentry", "pk": 94, "fields": {"action_time": "2022-10-29T10:45:13.548Z", "user": ["hio"], "content_type": ["services", "entity"], "object_id": "249", "object_repr": "-", "action_flag": 1, "change_message": "new through import_export"}}, {"model": "admin.logentry", "pk": 95, "fields": {"action_time": "2022-10-29T10:45:13.554Z", "user": ["hio"], "content_type": ["services", "entity"], "object_id": "250", "object_repr": "-", "action_flag": 1, "change_message": "new through import_export"}}, {"model": "admin.logentry", "pk": 96, "fields": {"action_time": "2022-10-29T10:45:13.559Z", "user": ["hio"], "content_type": ["services", "entity"], "object_id": "251", "object_repr": "-", "action_flag": 1, "change_message": "new through import_export"}}, {"model": "admin.logentry", "pk": 97, "fields": {"action_time": "2022-10-29T10:45:13.566Z", "user": ["hio"], "content_type": ["services", "entity"], "object_id": "252", "object_repr": "-", "action_flag": 1, "change_message": "new through import_export"}}, {"model": "admin.logentry", "pk": 98, "fields": {"action_time": "2022-10-29T10:45:13.573Z", "user": ["hio"], "content_type": ["services", "entity"], "object_id": "253", "object_repr": "-", "action_flag": 1, "change_message": "new through import_export"}}, {"model": "admin.logentry", "pk": 99, "fields": {"action_time": "2022-10-29T10:45:13.580Z", "user": ["hio"], "content_type": ["services", "entity"], "object_id": "254", "object_repr": "-", "action_flag": 1, "change_message": "new through import_export"}}, {"model": "admin.logentry", "pk": 100, "fields": {"action_time": "2022-10-29T10:45:13.585Z", "user": ["hio"], "content_type": ["services", "entity"], "object_id": "255", "object_repr": "-", "action_flag": 1, "change_message": "new through import_export"}}, {"model": "admin.logentry", "pk": 101, "fields": {"action_time": "2022-10-29T10:45:13.591Z", "user": ["hio"], "content_type": ["services", "entity"], "object_id": "256", "object_repr": "-", "action_flag": 1, "change_message": "new through import_export"}}, {"model": "admin.logentry", "pk": 102, "fields": {"action_time": "2022-10-29T10:45:13.597Z", "user": ["hio"], "content_type": ["services", "entity"], "object_id": "257", "object_repr": "-", "action_flag": 1, "change_message": "new through import_export"}}, {"model": "admin.logentry", "pk": 103, "fields": {"action_time": "2022-10-29T10:45:13.603Z", "user": ["hio"], "content_type": ["services", "entity"], "object_id": "258", "object_repr": "-", "action_flag": 1, "change_message": "new through import_export"}}, {"model": "admin.logentry", "pk": 104, "fields": {"action_time": "2022-10-29T10:45:13.609Z", "user": ["hio"], "content_type": ["services", "entity"], "object_id": "259", "object_repr": "-", "action_flag": 1, "change_message": "new through import_export"}}, {"model": "admin.logentry", "pk": 105, "fields": {"action_time": "2022-10-29T10:45:13.615Z", "user": ["hio"], "content_type": ["services", "entity"], "object_id": "260", "object_repr": "-", "action_flag": 1, "change_message": "new through import_export"}}, {"model": "admin.logentry", "pk": 106, "fields": {"action_time": "2022-10-29T10:45:13.621Z", "user": ["hio"], "content_type": ["services", "entity"], "object_id": "261", "object_repr": "-", "action_flag": 1, "change_message": "new through import_export"}}, {"model": "admin.logentry", "pk": 107, "fields": {"action_time": "2022-10-29T10:45:13.627Z", "user": ["hio"], "content_type": ["services", "entity"], "object_id": "262", "object_repr": "-", "action_flag": 1, "change_message": "new through import_export"}}, {"model": "admin.logentry", "pk": 108, "fields": {"action_time": "2022-10-29T10:45:13.634Z", "user": ["hio"], "content_type": ["services", "entity"], "object_id": "263", "object_repr": "-", "action_flag": 1, "change_message": "new through import_export"}}, {"model": "admin.logentry", "pk": 109, "fields": {"action_time": "2022-10-29T10:45:13.641Z", "user": ["hio"], "content_type": ["services", "entity"], "object_id": "264", "object_repr": "-", "action_flag": 1, "change_message": "new through import_export"}}, {"model": "admin.logentry", "pk": 110, "fields": {"action_time": "2022-10-29T10:45:13.647Z", "user": ["hio"], "content_type": ["services", "entity"], "object_id": "265", "object_repr": "-", "action_flag": 1, "change_message": "new through import_export"}}, {"model": "admin.logentry", "pk": 111, "fields": {"action_time": "2022-10-29T10:45:13.652Z", "user": ["hio"], "content_type": ["services", "entity"], "object_id": "266", "object_repr": "-", "action_flag": 1, "change_message": "new through import_export"}}, {"model": "admin.logentry", "pk": 112, "fields": {"action_time": "2022-10-29T10:45:13.658Z", "user": ["hio"], "content_type": ["services", "entity"], "object_id": "267", "object_repr": "-", "action_flag": 1, "change_message": "new through import_export"}}, {"model": "admin.logentry", "pk": 113, "fields": {"action_time": "2022-10-29T10:45:13.664Z", "user": ["hio"], "content_type": ["services", "entity"], "object_id": "268", "object_repr": "-", "action_flag": 1, "change_message": "new through import_export"}}, {"model": "admin.logentry", "pk": 114, "fields": {"action_time": "2022-10-29T10:45:13.670Z", "user": ["hio"], "content_type": ["services", "entity"], "object_id": "269", "object_repr": "-", "action_flag": 1, "change_message": "new through import_export"}}, {"model": "admin.logentry", "pk": 115, "fields": {"action_time": "2022-10-29T10:45:13.676Z", "user": ["hio"], "content_type": ["services", "entity"], "object_id": "270", "object_repr": "-", "action_flag": 1, "change_message": "new through import_export"}}, {"model": "admin.logentry", "pk": 116, "fields": {"action_time": "2022-10-29T10:45:13.682Z", "user": ["hio"], "content_type": ["services", "entity"], "object_id": "271", "object_repr": "-", "action_flag": 1, "change_message": "new through import_export"}}, {"model": "admin.logentry", "pk": 117, "fields": {"action_time": "2022-10-29T10:45:13.689Z", "user": ["hio"], "content_type": ["services", "entity"], "object_id": "272", "object_repr": "-", "action_flag": 1, "change_message": "new through import_export"}}, {"model": "admin.logentry", "pk": 118, "fields": {"action_time": "2022-10-29T10:45:13.696Z", "user": ["hio"], "content_type": ["services", "entity"], "object_id": "273", "object_repr": "-", "action_flag": 1, "change_message": "new through import_export"}}, {"model": "admin.logentry", "pk": 119, "fields": {"action_time": "2022-10-29T10:45:13.707Z", "user": ["hio"], "content_type": ["services", "entity"], "object_id": "274", "object_repr": "-", "action_flag": 1, "change_message": "new through import_export"}}, {"model": "admin.logentry", "pk": 120, "fields": {"action_time": "2022-10-29T10:45:13.713Z", "user": ["hio"], "content_type": ["services", "entity"], "object_id": "275", "object_repr": "-", "action_flag": 1, "change_message": "new through import_export"}}, {"model": "admin.logentry", "pk": 121, "fields": {"action_time": "2022-10-29T10:45:13.720Z", "user": ["hio"], "content_type": ["services", "entity"], "object_id": "276", "object_repr": "-", "action_flag": 1, "change_message": "new through import_export"}}, {"model": "admin.logentry", "pk": 122, "fields": {"action_time": "2022-10-29T10:45:13.726Z", "user": ["hio"], "content_type": ["services", "entity"], "object_id": "277", "object_repr": "-", "action_flag": 1, "change_message": "new through import_export"}}, {"model": "admin.logentry", "pk": 123, "fields": {"action_time": "2022-10-29T10:45:13.732Z", "user": ["hio"], "content_type": ["services", "entity"], "object_id": "278", "object_repr": "-", "action_flag": 1, "change_message": "new through import_export"}}, {"model": "admin.logentry", "pk": 124, "fields": {"action_time": "2022-10-29T10:45:13.738Z", "user": ["hio"], "content_type": ["services", "entity"], "object_id": "279", "object_repr": "-", "action_flag": 1, "change_message": "new through import_export"}}, {"model": "admin.logentry", "pk": 125, "fields": {"action_time": "2022-10-29T10:45:13.744Z", "user": ["hio"], "content_type": ["services", "entity"], "object_id": "280", "object_repr": "-", "action_flag": 1, "change_message": "new through import_export"}}, {"model": "admin.logentry", "pk": 126, "fields": {"action_time": "2022-10-29T10:45:13.749Z", "user": ["hio"], "content_type": ["services", "entity"], "object_id": "281", "object_repr": "-", "action_flag": 1, "change_message": "new through import_export"}}, {"model": "admin.logentry", "pk": 127, "fields": {"action_time": "2022-10-29T10:45:13.755Z", "user": ["hio"], "content_type": ["services", "entity"], "object_id": "282", "object_repr": "-", "action_flag": 1, "change_message": "new through import_export"}}, {"model": "admin.logentry", "pk": 128, "fields": {"action_time": "2022-10-29T10:45:13.762Z", "user": ["hio"], "content_type": ["services", "entity"], "object_id": "283", "object_repr": "-", "action_flag": 1, "change_message": "new through import_export"}}, {"model": "admin.logentry", "pk": 129, "fields": {"action_time": "2022-10-29T10:45:13.770Z", "user": ["hio"], "content_type": ["services", "entity"], "object_id": "284", "object_repr": "-", "action_flag": 1, "change_message": "new through import_export"}}, {"model": "admin.logentry", "pk": 130, "fields": {"action_time": "2022-10-29T10:45:13.778Z", "user": ["hio"], "content_type": ["services", "entity"], "object_id": "285", "object_repr": "-", "action_flag": 1, "change_message": "new through import_export"}}, {"model": "admin.logentry", "pk": 131, "fields": {"action_time": "2022-10-29T10:45:13.784Z", "user": ["hio"], "content_type": ["services", "entity"], "object_id": "286", "object_repr": "-", "action_flag": 1, "change_message": "new through import_export"}}, {"model": "admin.logentry", "pk": 132, "fields": {"action_time": "2022-10-29T10:45:13.789Z", "user": ["hio"], "content_type": ["services", "entity"], "object_id": "287", "object_repr": "-", "action_flag": 1, "change_message": "new through import_export"}}, {"model": "admin.logentry", "pk": 133, "fields": {"action_time": "2022-10-29T10:45:13.796Z", "user": ["hio"], "content_type": ["services", "entity"], "object_id": "288", "object_repr": "-", "action_flag": 1, "change_message": "new through import_export"}}, {"model": "admin.logentry", "pk": 134, "fields": {"action_time": "2022-10-29T10:45:13.801Z", "user": ["hio"], "content_type": ["services", "entity"], "object_id": "289", "object_repr": "-", "action_flag": 1, "change_message": "new through import_export"}}, {"model": "admin.logentry", "pk": 135, "fields": {"action_time": "2022-10-29T10:45:13.807Z", "user": ["hio"], "content_type": ["services", "entity"], "object_id": "290", "object_repr": "-", "action_flag": 1, "change_message": "new through import_export"}}, {"model": "admin.logentry", "pk": 136, "fields": {"action_time": "2022-10-29T10:45:13.813Z", "user": ["hio"], "content_type": ["services", "entity"], "object_id": "291", "object_repr": "-", "action_flag": 1, "change_message": "new through import_export"}}, {"model": "admin.logentry", "pk": 137, "fields": {"action_time": "2022-10-29T10:45:13.819Z", "user": ["hio"], "content_type": ["services", "entity"], "object_id": "292", "object_repr": "-", "action_flag": 1, "change_message": "new through import_export"}}, {"model": "admin.logentry", "pk": 138, "fields": {"action_time": "2022-10-29T10:45:13.826Z", "user": ["hio"], "content_type": ["services", "entity"], "object_id": "293", "object_repr": "-", "action_flag": 1, "change_message": "new through import_export"}}, {"model": "admin.logentry", "pk": 139, "fields": {"action_time": "2022-10-29T10:45:13.833Z", "user": ["hio"], "content_type": ["services", "entity"], "object_id": "294", "object_repr": "-", "action_flag": 1, "change_message": "new through import_export"}}, {"model": "admin.logentry", "pk": 140, "fields": {"action_time": "2022-10-29T10:45:13.839Z", "user": ["hio"], "content_type": ["services", "entity"], "object_id": "295", "object_repr": "-", "action_flag": 1, "change_message": "new through import_export"}}, {"model": "admin.logentry", "pk": 141, "fields": {"action_time": "2022-10-29T10:45:13.845Z", "user": ["hio"], "content_type": ["services", "entity"], "object_id": "296", "object_repr": "-", "action_flag": 1, "change_message": "new through import_export"}}, {"model": "admin.logentry", "pk": 142, "fields": {"action_time": "2022-10-29T10:45:13.851Z", "user": ["hio"], "content_type": ["services", "entity"], "object_id": "297", "object_repr": "-", "action_flag": 1, "change_message": "new through import_export"}}, {"model": "admin.logentry", "pk": 143, "fields": {"action_time": "2022-10-29T10:45:13.856Z", "user": ["hio"], "content_type": ["services", "entity"], "object_id": "298", "object_repr": "-", "action_flag": 1, "change_message": "new through import_export"}}, {"model": "admin.logentry", "pk": 144, "fields": {"action_time": "2022-10-29T10:45:13.863Z", "user": ["hio"], "content_type": ["services", "entity"], "object_id": "299", "object_repr": "-", "action_flag": 1, "change_message": "new through import_export"}}, {"model": "admin.logentry", "pk": 145, "fields": {"action_time": "2022-10-29T10:45:13.868Z", "user": ["hio"], "content_type": ["services", "entity"], "object_id": "300", "object_repr": "-", "action_flag": 1, "change_message": "new through import_export"}}, {"model": "admin.logentry", "pk": 146, "fields": {"action_time": "2022-10-29T10:45:13.874Z", "user": ["hio"], "content_type": ["services", "entity"], "object_id": "301", "object_repr": "-", "action_flag": 1, "change_message": "new through import_export"}}, {"model": "admin.logentry", "pk": 147, "fields": {"action_time": "2022-10-29T10:45:13.880Z", "user": ["hio"], "content_type": ["services", "entity"], "object_id": "302", "object_repr": "-", "action_flag": 1, "change_message": "new through import_export"}}, {"model": "admin.logentry", "pk": 148, "fields": {"action_time": "2022-10-29T10:45:13.887Z", "user": ["hio"], "content_type": ["services", "entity"], "object_id": "303", "object_repr": "-", "action_flag": 1, "change_message": "new through import_export"}}, {"model": "admin.logentry", "pk": 149, "fields": {"action_time": "2022-10-29T10:45:13.897Z", "user": ["hio"], "content_type": ["services", "entity"], "object_id": "304", "object_repr": "-", "action_flag": 1, "change_message": "new through import_export"}}, {"model": "admin.logentry", "pk": 150, "fields": {"action_time": "2022-10-29T10:45:13.904Z", "user": ["hio"], "content_type": ["services", "entity"], "object_id": "305", "object_repr": "-", "action_flag": 1, "change_message": "new through import_export"}}, {"model": "admin.logentry", "pk": 151, "fields": {"action_time": "2022-10-29T10:45:13.911Z", "user": ["hio"], "content_type": ["services", "entity"], "object_id": "306", "object_repr": "-", "action_flag": 1, "change_message": "new through import_export"}}, {"model": "admin.logentry", "pk": 152, "fields": {"action_time": "2022-10-29T10:45:13.918Z", "user": ["hio"], "content_type": ["services", "entity"], "object_id": "307", "object_repr": "-", "action_flag": 1, "change_message": "new through import_export"}}, {"model": "admin.logentry", "pk": 153, "fields": {"action_time": "2022-10-29T10:45:13.925Z", "user": ["hio"], "content_type": ["services", "entity"], "object_id": "308", "object_repr": "-", "action_flag": 1, "change_message": "new through import_export"}}, {"model": "admin.logentry", "pk": 154, "fields": {"action_time": "2022-10-29T10:45:13.932Z", "user": ["hio"], "content_type": ["services", "entity"], "object_id": "309", "object_repr": "-", "action_flag": 1, "change_message": "new through import_export"}}, {"model": "admin.logentry", "pk": 155, "fields": {"action_time": "2022-10-29T10:45:13.938Z", "user": ["hio"], "content_type": ["services", "entity"], "object_id": "310", "object_repr": "-", "action_flag": 1, "change_message": "new through import_export"}}, {"model": "admin.logentry", "pk": 156, "fields": {"action_time": "2022-10-29T10:45:13.943Z", "user": ["hio"], "content_type": ["services", "entity"], "object_id": "311", "object_repr": "-", "action_flag": 1, "change_message": "new through import_export"}}, {"model": "admin.logentry", "pk": 157, "fields": {"action_time": "2022-10-29T10:45:13.951Z", "user": ["hio"], "content_type": ["services", "entity"], "object_id": "312", "object_repr": "-", "action_flag": 1, "change_message": "new through import_export"}}, {"model": "admin.logentry", "pk": 158, "fields": {"action_time": "2022-10-29T10:45:13.961Z", "user": ["hio"], "content_type": ["services", "entity"], "object_id": "313", "object_repr": "-", "action_flag": 1, "change_message": "new through import_export"}}, {"model": "admin.logentry", "pk": 159, "fields": {"action_time": "2022-10-29T10:45:13.970Z", "user": ["hio"], "content_type": ["services", "entity"], "object_id": "314", "object_repr": "-", "action_flag": 1, "change_message": "new through import_export"}}, {"model": "admin.logentry", "pk": 160, "fields": {"action_time": "2022-10-29T10:45:13.977Z", "user": ["hio"], "content_type": ["services", "entity"], "object_id": "315", "object_repr": "-", "action_flag": 1, "change_message": "new through import_export"}}, {"model": "admin.logentry", "pk": 161, "fields": {"action_time": "2022-10-29T10:45:13.983Z", "user": ["hio"], "content_type": ["services", "entity"], "object_id": "316", "object_repr": "-", "action_flag": 1, "change_message": "new through import_export"}}, {"model": "admin.logentry", "pk": 162, "fields": {"action_time": "2022-10-29T10:45:13.989Z", "user": ["hio"], "content_type": ["services", "entity"], "object_id": "317", "object_repr": "-", "action_flag": 1, "change_message": "new through import_export"}}, {"model": "admin.logentry", "pk": 163, "fields": {"action_time": "2022-10-29T10:45:13.994Z", "user": ["hio"], "content_type": ["services", "entity"], "object_id": "318", "object_repr": "-", "action_flag": 1, "change_message": "new through import_export"}}, {"model": "admin.logentry", "pk": 164, "fields": {"action_time": "2022-10-29T10:45:14.000Z", "user": ["hio"], "content_type": ["services", "entity"], "object_id": "319", "object_repr": "-", "action_flag": 1, "change_message": "new through import_export"}}, {"model": "admin.logentry", "pk": 165, "fields": {"action_time": "2022-10-29T11:14:33.068Z", "user": ["hio"], "content_type": ["services", "entity"], "object_id": "319", "object_repr": "-", "action_flag": 3, "change_message": ""}}, {"model": "admin.logentry", "pk": 166, "fields": {"action_time": "2022-10-29T11:14:33.076Z", "user": ["hio"], "content_type": ["services", "entity"], "object_id": "318", "object_repr": "-", "action_flag": 3, "change_message": ""}}, {"model": "admin.logentry", "pk": 167, "fields": {"action_time": "2022-10-29T11:14:33.082Z", "user": ["hio"], "content_type": ["services", "entity"], "object_id": "317", "object_repr": "-", "action_flag": 3, "change_message": ""}}, {"model": "admin.logentry", "pk": 168, "fields": {"action_time": "2022-10-29T11:14:33.089Z", "user": ["hio"], "content_type": ["services", "entity"], "object_id": "316", "object_repr": "-", "action_flag": 3, "change_message": ""}}, {"model": "admin.logentry", "pk": 169, "fields": {"action_time": "2022-10-29T11:14:33.095Z", "user": ["hio"], "content_type": ["services", "entity"], "object_id": "315", "object_repr": "-", "action_flag": 3, "change_message": ""}}, {"model": "admin.logentry", "pk": 170, "fields": {"action_time": "2022-10-29T11:14:33.102Z", "user": ["hio"], "content_type": ["services", "entity"], "object_id": "314", "object_repr": "-", "action_flag": 3, "change_message": ""}}, {"model": "admin.logentry", "pk": 171, "fields": {"action_time": "2022-10-29T11:14:33.109Z", "user": ["hio"], "content_type": ["services", "entity"], "object_id": "313", "object_repr": "-", "action_flag": 3, "change_message": ""}}, {"model": "admin.logentry", "pk": 172, "fields": {"action_time": "2022-10-29T11:14:33.115Z", "user": ["hio"], "content_type": ["services", "entity"], "object_id": "312", "object_repr": "-", "action_flag": 3, "change_message": ""}}, {"model": "admin.logentry", "pk": 173, "fields": {"action_time": "2022-10-29T11:14:33.122Z", "user": ["hio"], "content_type": ["services", "entity"], "object_id": "311", "object_repr": "-", "action_flag": 3, "change_message": ""}}, {"model": "admin.logentry", "pk": 174, "fields": {"action_time": "2022-10-29T11:14:33.130Z", "user": ["hio"], "content_type": ["services", "entity"], "object_id": "310", "object_repr": "-", "action_flag": 3, "change_message": ""}}, {"model": "admin.logentry", "pk": 175, "fields": {"action_time": "2022-10-29T11:14:33.138Z", "user": ["hio"], "content_type": ["services", "entity"], "object_id": "309", "object_repr": "-", "action_flag": 3, "change_message": ""}}, {"model": "admin.logentry", "pk": 176, "fields": {"action_time": "2022-10-29T11:14:33.145Z", "user": ["hio"], "content_type": ["services", "entity"], "object_id": "308", "object_repr": "-", "action_flag": 3, "change_message": ""}}, {"model": "admin.logentry", "pk": 177, "fields": {"action_time": "2022-10-29T11:14:33.152Z", "user": ["hio"], "content_type": ["services", "entity"], "object_id": "307", "object_repr": "-", "action_flag": 3, "change_message": ""}}, {"model": "admin.logentry", "pk": 178, "fields": {"action_time": "2022-10-29T11:14:33.159Z", "user": ["hio"], "content_type": ["services", "entity"], "object_id": "306", "object_repr": "-", "action_flag": 3, "change_message": ""}}, {"model": "admin.logentry", "pk": 179, "fields": {"action_time": "2022-10-29T11:14:33.166Z", "user": ["hio"], "content_type": ["services", "entity"], "object_id": "305", "object_repr": "-", "action_flag": 3, "change_message": ""}}, {"model": "admin.logentry", "pk": 180, "fields": {"action_time": "2022-10-29T11:14:33.174Z", "user": ["hio"], "content_type": ["services", "entity"], "object_id": "304", "object_repr": "-", "action_flag": 3, "change_message": ""}}, {"model": "admin.logentry", "pk": 181, "fields": {"action_time": "2022-10-29T11:14:33.181Z", "user": ["hio"], "content_type": ["services", "entity"], "object_id": "303", "object_repr": "-", "action_flag": 3, "change_message": ""}}, {"model": "admin.logentry", "pk": 182, "fields": {"action_time": "2022-10-29T11:14:33.186Z", "user": ["hio"], "content_type": ["services", "entity"], "object_id": "302", "object_repr": "-", "action_flag": 3, "change_message": ""}}, {"model": "admin.logentry", "pk": 183, "fields": {"action_time": "2022-10-29T11:14:33.193Z", "user": ["hio"], "content_type": ["services", "entity"], "object_id": "301", "object_repr": "-", "action_flag": 3, "change_message": ""}}, {"model": "admin.logentry", "pk": 184, "fields": {"action_time": "2022-10-29T11:14:33.200Z", "user": ["hio"], "content_type": ["services", "entity"], "object_id": "300", "object_repr": "-", "action_flag": 3, "change_message": ""}}, {"model": "admin.logentry", "pk": 185, "fields": {"action_time": "2022-10-29T11:14:33.207Z", "user": ["hio"], "content_type": ["services", "entity"], "object_id": "299", "object_repr": "-", "action_flag": 3, "change_message": ""}}, {"model": "admin.logentry", "pk": 186, "fields": {"action_time": "2022-10-29T11:14:33.214Z", "user": ["hio"], "content_type": ["services", "entity"], "object_id": "298", "object_repr": "-", "action_flag": 3, "change_message": ""}}, {"model": "admin.logentry", "pk": 187, "fields": {"action_time": "2022-10-29T11:14:33.220Z", "user": ["hio"], "content_type": ["services", "entity"], "object_id": "297", "object_repr": "-", "action_flag": 3, "change_message": ""}}, {"model": "admin.logentry", "pk": 188, "fields": {"action_time": "2022-10-29T11:14:33.226Z", "user": ["hio"], "content_type": ["services", "entity"], "object_id": "296", "object_repr": "-", "action_flag": 3, "change_message": ""}}, {"model": "admin.logentry", "pk": 189, "fields": {"action_time": "2022-10-29T11:14:33.233Z", "user": ["hio"], "content_type": ["services", "entity"], "object_id": "295", "object_repr": "-", "action_flag": 3, "change_message": ""}}, {"model": "admin.logentry", "pk": 190, "fields": {"action_time": "2022-10-29T11:14:33.240Z", "user": ["hio"], "content_type": ["services", "entity"], "object_id": "294", "object_repr": "-", "action_flag": 3, "change_message": ""}}, {"model": "admin.logentry", "pk": 191, "fields": {"action_time": "2022-10-29T11:14:33.246Z", "user": ["hio"], "content_type": ["services", "entity"], "object_id": "293", "object_repr": "-", "action_flag": 3, "change_message": ""}}, {"model": "admin.logentry", "pk": 192, "fields": {"action_time": "2022-10-29T11:14:33.253Z", "user": ["hio"], "content_type": ["services", "entity"], "object_id": "292", "object_repr": "-", "action_flag": 3, "change_message": ""}}, {"model": "admin.logentry", "pk": 193, "fields": {"action_time": "2022-10-29T11:14:33.264Z", "user": ["hio"], "content_type": ["services", "entity"], "object_id": "291", "object_repr": "-", "action_flag": 3, "change_message": ""}}, {"model": "admin.logentry", "pk": 194, "fields": {"action_time": "2022-10-29T11:14:33.276Z", "user": ["hio"], "content_type": ["services", "entity"], "object_id": "290", "object_repr": "-", "action_flag": 3, "change_message": ""}}, {"model": "admin.logentry", "pk": 195, "fields": {"action_time": "2022-10-29T11:14:33.285Z", "user": ["hio"], "content_type": ["services", "entity"], "object_id": "289", "object_repr": "-", "action_flag": 3, "change_message": ""}}, {"model": "admin.logentry", "pk": 196, "fields": {"action_time": "2022-10-29T11:14:33.294Z", "user": ["hio"], "content_type": ["services", "entity"], "object_id": "288", "object_repr": "-", "action_flag": 3, "change_message": ""}}, {"model": "admin.logentry", "pk": 197, "fields": {"action_time": "2022-10-29T11:14:33.303Z", "user": ["hio"], "content_type": ["services", "entity"], "object_id": "287", "object_repr": "-", "action_flag": 3, "change_message": ""}}, {"model": "admin.logentry", "pk": 198, "fields": {"action_time": "2022-10-29T11:14:33.311Z", "user": ["hio"], "content_type": ["services", "entity"], "object_id": "286", "object_repr": "-", "action_flag": 3, "change_message": ""}}, {"model": "admin.logentry", "pk": 199, "fields": {"action_time": "2022-10-29T11:14:33.319Z", "user": ["hio"], "content_type": ["services", "entity"], "object_id": "285", "object_repr": "-", "action_flag": 3, "change_message": ""}}, {"model": "admin.logentry", "pk": 200, "fields": {"action_time": "2022-10-29T11:14:33.327Z", "user": ["hio"], "content_type": ["services", "entity"], "object_id": "284", "object_repr": "-", "action_flag": 3, "change_message": ""}}, {"model": "admin.logentry", "pk": 201, "fields": {"action_time": "2022-10-29T11:14:33.334Z", "user": ["hio"], "content_type": ["services", "entity"], "object_id": "283", "object_repr": "-", "action_flag": 3, "change_message": ""}}, {"model": "admin.logentry", "pk": 202, "fields": {"action_time": "2022-10-29T11:14:33.340Z", "user": ["hio"], "content_type": ["services", "entity"], "object_id": "282", "object_repr": "-", "action_flag": 3, "change_message": ""}}, {"model": "admin.logentry", "pk": 203, "fields": {"action_time": "2022-10-29T11:14:33.348Z", "user": ["hio"], "content_type": ["services", "entity"], "object_id": "281", "object_repr": "-", "action_flag": 3, "change_message": ""}}, {"model": "admin.logentry", "pk": 204, "fields": {"action_time": "2022-10-29T11:14:33.358Z", "user": ["hio"], "content_type": ["services", "entity"], "object_id": "280", "object_repr": "-", "action_flag": 3, "change_message": ""}}, {"model": "admin.logentry", "pk": 205, "fields": {"action_time": "2022-10-29T11:14:33.364Z", "user": ["hio"], "content_type": ["services", "entity"], "object_id": "279", "object_repr": "-", "action_flag": 3, "change_message": ""}}, {"model": "admin.logentry", "pk": 206, "fields": {"action_time": "2022-10-29T11:14:33.370Z", "user": ["hio"], "content_type": ["services", "entity"], "object_id": "278", "object_repr": "-", "action_flag": 3, "change_message": ""}}, {"model": "admin.logentry", "pk": 207, "fields": {"action_time": "2022-10-29T11:14:33.378Z", "user": ["hio"], "content_type": ["services", "entity"], "object_id": "277", "object_repr": "-", "action_flag": 3, "change_message": ""}}, {"model": "admin.logentry", "pk": 208, "fields": {"action_time": "2022-10-29T11:14:33.387Z", "user": ["hio"], "content_type": ["services", "entity"], "object_id": "276", "object_repr": "-", "action_flag": 3, "change_message": ""}}, {"model": "admin.logentry", "pk": 209, "fields": {"action_time": "2022-10-29T11:14:33.394Z", "user": ["hio"], "content_type": ["services", "entity"], "object_id": "275", "object_repr": "-", "action_flag": 3, "change_message": ""}}, {"model": "admin.logentry", "pk": 210, "fields": {"action_time": "2022-10-29T11:14:33.400Z", "user": ["hio"], "content_type": ["services", "entity"], "object_id": "274", "object_repr": "-", "action_flag": 3, "change_message": ""}}, {"model": "admin.logentry", "pk": 211, "fields": {"action_time": "2022-10-29T11:14:33.406Z", "user": ["hio"], "content_type": ["services", "entity"], "object_id": "273", "object_repr": "-", "action_flag": 3, "change_message": ""}}, {"model": "admin.logentry", "pk": 212, "fields": {"action_time": "2022-10-29T11:14:33.413Z", "user": ["hio"], "content_type": ["services", "entity"], "object_id": "272", "object_repr": "-", "action_flag": 3, "change_message": ""}}, {"model": "admin.logentry", "pk": 213, "fields": {"action_time": "2022-10-29T11:14:33.420Z", "user": ["hio"], "content_type": ["services", "entity"], "object_id": "271", "object_repr": "-", "action_flag": 3, "change_message": ""}}, {"model": "admin.logentry", "pk": 214, "fields": {"action_time": "2022-10-29T11:14:33.428Z", "user": ["hio"], "content_type": ["services", "entity"], "object_id": "270", "object_repr": "-", "action_flag": 3, "change_message": ""}}, {"model": "admin.logentry", "pk": 215, "fields": {"action_time": "2022-10-29T11:14:33.435Z", "user": ["hio"], "content_type": ["services", "entity"], "object_id": "269", "object_repr": "-", "action_flag": 3, "change_message": ""}}, {"model": "admin.logentry", "pk": 216, "fields": {"action_time": "2022-10-29T11:14:33.441Z", "user": ["hio"], "content_type": ["services", "entity"], "object_id": "268", "object_repr": "-", "action_flag": 3, "change_message": ""}}, {"model": "admin.logentry", "pk": 217, "fields": {"action_time": "2022-10-29T11:14:33.448Z", "user": ["hio"], "content_type": ["services", "entity"], "object_id": "267", "object_repr": "-", "action_flag": 3, "change_message": ""}}, {"model": "admin.logentry", "pk": 218, "fields": {"action_time": "2022-10-29T11:14:33.454Z", "user": ["hio"], "content_type": ["services", "entity"], "object_id": "266", "object_repr": "-", "action_flag": 3, "change_message": ""}}, {"model": "admin.logentry", "pk": 219, "fields": {"action_time": "2022-10-29T11:14:33.460Z", "user": ["hio"], "content_type": ["services", "entity"], "object_id": "265", "object_repr": "-", "action_flag": 3, "change_message": ""}}, {"model": "admin.logentry", "pk": 220, "fields": {"action_time": "2022-10-29T11:14:33.466Z", "user": ["hio"], "content_type": ["services", "entity"], "object_id": "264", "object_repr": "-", "action_flag": 3, "change_message": ""}}, {"model": "admin.logentry", "pk": 221, "fields": {"action_time": "2022-10-29T11:14:33.471Z", "user": ["hio"], "content_type": ["services", "entity"], "object_id": "263", "object_repr": "-", "action_flag": 3, "change_message": ""}}, {"model": "admin.logentry", "pk": 222, "fields": {"action_time": "2022-10-29T11:14:33.477Z", "user": ["hio"], "content_type": ["services", "entity"], "object_id": "262", "object_repr": "-", "action_flag": 3, "change_message": ""}}, {"model": "admin.logentry", "pk": 223, "fields": {"action_time": "2022-10-29T11:14:33.485Z", "user": ["hio"], "content_type": ["services", "entity"], "object_id": "261", "object_repr": "-", "action_flag": 3, "change_message": ""}}, {"model": "admin.logentry", "pk": 224, "fields": {"action_time": "2022-10-29T11:14:33.493Z", "user": ["hio"], "content_type": ["services", "entity"], "object_id": "260", "object_repr": "-", "action_flag": 3, "change_message": ""}}, {"model": "admin.logentry", "pk": 225, "fields": {"action_time": "2022-10-29T11:14:33.501Z", "user": ["hio"], "content_type": ["services", "entity"], "object_id": "259", "object_repr": "-", "action_flag": 3, "change_message": ""}}, {"model": "admin.logentry", "pk": 226, "fields": {"action_time": "2022-10-29T11:14:33.510Z", "user": ["hio"], "content_type": ["services", "entity"], "object_id": "258", "object_repr": "-", "action_flag": 3, "change_message": ""}}, {"model": "admin.logentry", "pk": 227, "fields": {"action_time": "2022-10-29T11:14:33.516Z", "user": ["hio"], "content_type": ["services", "entity"], "object_id": "257", "object_repr": "-", "action_flag": 3, "change_message": ""}}, {"model": "admin.logentry", "pk": 228, "fields": {"action_time": "2022-10-29T11:14:33.522Z", "user": ["hio"], "content_type": ["services", "entity"], "object_id": "256", "object_repr": "-", "action_flag": 3, "change_message": ""}}, {"model": "admin.logentry", "pk": 229, "fields": {"action_time": "2022-10-29T11:14:33.528Z", "user": ["hio"], "content_type": ["services", "entity"], "object_id": "255", "object_repr": "-", "action_flag": 3, "change_message": ""}}, {"model": "admin.logentry", "pk": 230, "fields": {"action_time": "2022-10-29T11:14:33.536Z", "user": ["hio"], "content_type": ["services", "entity"], "object_id": "254", "object_repr": "-", "action_flag": 3, "change_message": ""}}, {"model": "admin.logentry", "pk": 231, "fields": {"action_time": "2022-10-29T11:14:33.542Z", "user": ["hio"], "content_type": ["services", "entity"], "object_id": "253", "object_repr": "-", "action_flag": 3, "change_message": ""}}, {"model": "admin.logentry", "pk": 232, "fields": {"action_time": "2022-10-29T11:14:33.549Z", "user": ["hio"], "content_type": ["services", "entity"], "object_id": "252", "object_repr": "-", "action_flag": 3, "change_message": ""}}, {"model": "admin.logentry", "pk": 233, "fields": {"action_time": "2022-10-29T11:14:33.555Z", "user": ["hio"], "content_type": ["services", "entity"], "object_id": "251", "object_repr": "-", "action_flag": 3, "change_message": ""}}, {"model": "admin.logentry", "pk": 234, "fields": {"action_time": "2022-10-29T11:14:33.561Z", "user": ["hio"], "content_type": ["services", "entity"], "object_id": "250", "object_repr": "-", "action_flag": 3, "change_message": ""}}, {"model": "admin.logentry", "pk": 235, "fields": {"action_time": "2022-10-29T11:14:33.567Z", "user": ["hio"], "content_type": ["services", "entity"], "object_id": "249", "object_repr": "-", "action_flag": 3, "change_message": ""}}, {"model": "admin.logentry", "pk": 236, "fields": {"action_time": "2022-10-29T11:14:33.573Z", "user": ["hio"], "content_type": ["services", "entity"], "object_id": "248", "object_repr": "-", "action_flag": 3, "change_message": ""}}, {"model": "admin.logentry", "pk": 237, "fields": {"action_time": "2022-10-29T11:14:33.580Z", "user": ["hio"], "content_type": ["services", "entity"], "object_id": "247", "object_repr": "-", "action_flag": 3, "change_message": ""}}, {"model": "admin.logentry", "pk": 238, "fields": {"action_time": "2022-10-29T11:14:33.586Z", "user": ["hio"], "content_type": ["services", "entity"], "object_id": "246", "object_repr": "-", "action_flag": 3, "change_message": ""}}, {"model": "admin.logentry", "pk": 239, "fields": {"action_time": "2022-10-29T11:14:33.596Z", "user": ["hio"], "content_type": ["services", "entity"], "object_id": "245", "object_repr": "-", "action_flag": 3, "change_message": ""}}, {"model": "admin.logentry", "pk": 240, "fields": {"action_time": "2022-10-29T11:14:33.603Z", "user": ["hio"], "content_type": ["services", "entity"], "object_id": "244", "object_repr": "-", "action_flag": 3, "change_message": ""}}, {"model": "admin.logentry", "pk": 241, "fields": {"action_time": "2022-10-29T11:14:33.610Z", "user": ["hio"], "content_type": ["services", "entity"], "object_id": "243", "object_repr": "-", "action_flag": 3, "change_message": ""}}, {"model": "admin.logentry", "pk": 242, "fields": {"action_time": "2022-10-29T11:14:33.616Z", "user": ["hio"], "content_type": ["services", "entity"], "object_id": "242", "object_repr": "-", "action_flag": 3, "change_message": ""}}, {"model": "admin.logentry", "pk": 243, "fields": {"action_time": "2022-10-29T11:14:33.622Z", "user": ["hio"], "content_type": ["services", "entity"], "object_id": "241", "object_repr": "-", "action_flag": 3, "change_message": ""}}, {"model": "admin.logentry", "pk": 244, "fields": {"action_time": "2022-10-29T11:14:33.628Z", "user": ["hio"], "content_type": ["services", "entity"], "object_id": "240", "object_repr": "-", "action_flag": 3, "change_message": ""}}, {"model": "admin.logentry", "pk": 245, "fields": {"action_time": "2022-10-29T11:14:33.634Z", "user": ["hio"], "content_type": ["services", "entity"], "object_id": "239", "object_repr": "-", "action_flag": 3, "change_message": ""}}, {"model": "admin.logentry", "pk": 246, "fields": {"action_time": "2022-10-29T11:14:33.641Z", "user": ["hio"], "content_type": ["services", "entity"], "object_id": "238", "object_repr": "-", "action_flag": 3, "change_message": ""}}, {"model": "admin.logentry", "pk": 247, "fields": {"action_time": "2022-10-29T11:14:33.647Z", "user": ["hio"], "content_type": ["services", "entity"], "object_id": "237", "object_repr": "-", "action_flag": 3, "change_message": ""}}, {"model": "admin.logentry", "pk": 248, "fields": {"action_time": "2022-10-29T11:14:33.653Z", "user": ["hio"], "content_type": ["services", "entity"], "object_id": "236", "object_repr": "-", "action_flag": 3, "change_message": ""}}, {"model": "admin.logentry", "pk": 249, "fields": {"action_time": "2022-10-29T11:14:33.660Z", "user": ["hio"], "content_type": ["services", "entity"], "object_id": "235", "object_repr": "-", "action_flag": 3, "change_message": ""}}, {"model": "admin.logentry", "pk": 250, "fields": {"action_time": "2022-10-29T11:14:33.667Z", "user": ["hio"], "content_type": ["services", "entity"], "object_id": "234", "object_repr": "-", "action_flag": 3, "change_message": ""}}, {"model": "admin.logentry", "pk": 251, "fields": {"action_time": "2022-10-29T11:14:33.675Z", "user": ["hio"], "content_type": ["services", "entity"], "object_id": "233", "object_repr": "-", "action_flag": 3, "change_message": ""}}, {"model": "admin.logentry", "pk": 252, "fields": {"action_time": "2022-10-29T11:14:33.682Z", "user": ["hio"], "content_type": ["services", "entity"], "object_id": "232", "object_repr": "-", "action_flag": 3, "change_message": ""}}, {"model": "admin.logentry", "pk": 253, "fields": {"action_time": "2022-10-29T11:14:33.688Z", "user": ["hio"], "content_type": ["services", "entity"], "object_id": "231", "object_repr": "-", "action_flag": 3, "change_message": ""}}, {"model": "admin.logentry", "pk": 254, "fields": {"action_time": "2022-10-29T11:14:33.695Z", "user": ["hio"], "content_type": ["services", "entity"], "object_id": "230", "object_repr": "-", "action_flag": 3, "change_message": ""}}, {"model": "admin.logentry", "pk": 255, "fields": {"action_time": "2022-10-29T11:14:33.701Z", "user": ["hio"], "content_type": ["services", "entity"], "object_id": "229", "object_repr": "-", "action_flag": 3, "change_message": ""}}, {"model": "admin.logentry", "pk": 256, "fields": {"action_time": "2022-10-29T11:14:33.707Z", "user": ["hio"], "content_type": ["services", "entity"], "object_id": "228", "object_repr": "-", "action_flag": 3, "change_message": ""}}, {"model": "admin.logentry", "pk": 257, "fields": {"action_time": "2022-10-29T11:14:33.713Z", "user": ["hio"], "content_type": ["services", "entity"], "object_id": "227", "object_repr": "-", "action_flag": 3, "change_message": ""}}, {"model": "admin.logentry", "pk": 258, "fields": {"action_time": "2022-10-29T11:14:33.719Z", "user": ["hio"], "content_type": ["services", "entity"], "object_id": "226", "object_repr": "-", "action_flag": 3, "change_message": ""}}, {"model": "admin.logentry", "pk": 259, "fields": {"action_time": "2022-10-29T11:14:33.727Z", "user": ["hio"], "content_type": ["services", "entity"], "object_id": "225", "object_repr": "-", "action_flag": 3, "change_message": ""}}, {"model": "admin.logentry", "pk": 260, "fields": {"action_time": "2022-10-29T11:14:33.736Z", "user": ["hio"], "content_type": ["services", "entity"], "object_id": "224", "object_repr": "-", "action_flag": 3, "change_message": ""}}, {"model": "admin.logentry", "pk": 261, "fields": {"action_time": "2022-10-29T11:14:33.743Z", "user": ["hio"], "content_type": ["services", "entity"], "object_id": "223", "object_repr": "-", "action_flag": 3, "change_message": ""}}, {"model": "admin.logentry", "pk": 262, "fields": {"action_time": "2022-10-29T11:14:33.749Z", "user": ["hio"], "content_type": ["services", "entity"], "object_id": "222", "object_repr": "-", "action_flag": 3, "change_message": ""}}, {"model": "admin.logentry", "pk": 263, "fields": {"action_time": "2022-10-29T11:14:33.755Z", "user": ["hio"], "content_type": ["services", "entity"], "object_id": "221", "object_repr": "-", "action_flag": 3, "change_message": ""}}, {"model": "admin.logentry", "pk": 264, "fields": {"action_time": "2022-10-29T11:14:33.762Z", "user": ["hio"], "content_type": ["services", "entity"], "object_id": "220", "object_repr": "-", "action_flag": 3, "change_message": ""}}, {"model": "admin.logentry", "pk": 265, "fields": {"action_time": "2022-10-29T11:14:42.335Z", "user": ["hio"], "content_type": ["services", "entity"], "object_id": "219", "object_repr": "-", "action_flag": 3, "change_message": ""}}, {"model": "admin.logentry", "pk": 266, "fields": {"action_time": "2022-10-29T11:14:42.343Z", "user": ["hio"], "content_type": ["services", "entity"], "object_id": "218", "object_repr": "-", "action_flag": 3, "change_message": ""}}, {"model": "admin.logentry", "pk": 267, "fields": {"action_time": "2022-10-29T11:14:42.349Z", "user": ["hio"], "content_type": ["services", "entity"], "object_id": "217", "object_repr": "-", "action_flag": 3, "change_message": ""}}, {"model": "admin.logentry", "pk": 268, "fields": {"action_time": "2022-10-29T11:14:42.355Z", "user": ["hio"], "content_type": ["services", "entity"], "object_id": "216", "object_repr": "-", "action_flag": 3, "change_message": ""}}, {"model": "admin.logentry", "pk": 269, "fields": {"action_time": "2022-10-29T11:14:42.360Z", "user": ["hio"], "content_type": ["services", "entity"], "object_id": "215", "object_repr": "-", "action_flag": 3, "change_message": ""}}, {"model": "admin.logentry", "pk": 270, "fields": {"action_time": "2022-10-29T11:14:42.367Z", "user": ["hio"], "content_type": ["services", "entity"], "object_id": "214", "object_repr": "-", "action_flag": 3, "change_message": ""}}, {"model": "admin.logentry", "pk": 271, "fields": {"action_time": "2022-10-29T11:14:42.373Z", "user": ["hio"], "content_type": ["services", "entity"], "object_id": "213", "object_repr": "-", "action_flag": 3, "change_message": ""}}, {"model": "admin.logentry", "pk": 272, "fields": {"action_time": "2022-10-29T11:14:42.379Z", "user": ["hio"], "content_type": ["services", "entity"], "object_id": "212", "object_repr": "-", "action_flag": 3, "change_message": ""}}, {"model": "admin.logentry", "pk": 273, "fields": {"action_time": "2022-10-29T11:14:42.385Z", "user": ["hio"], "content_type": ["services", "entity"], "object_id": "211", "object_repr": "-", "action_flag": 3, "change_message": ""}}, {"model": "admin.logentry", "pk": 274, "fields": {"action_time": "2022-10-29T11:14:42.391Z", "user": ["hio"], "content_type": ["services", "entity"], "object_id": "101", "object_repr": "مركز النيل للاشعة", "action_flag": 3, "change_message": ""}}, {"model": "admin.logentry", "pk": 275, "fields": {"action_time": "2022-10-29T11:23:12.685Z", "user": ["hio"], "content_type": ["services", "entity"], "object_id": "520", "object_repr": "مركز النيل للاشعة", "action_flag": 1, "change_message": "new through import_export"}}, {"model": "admin.logentry", "pk": 276, "fields": {"action_time": "2022-10-29T11:23:12.692Z", "user": ["hio"], "content_type": ["services", "entity"], "object_id": "521", "object_repr": "غرب أسوان المركزي", "action_flag": 1, "change_message": "new through import_export"}}, {"model": "admin.logentry", "pk": 277, "fields": {"action_time": "2022-10-29T11:23:12.698Z", "user": ["hio"], "content_type": ["services", "entity"], "object_id": "522", "object_repr": "اسوان الجامعي", "action_flag": 1, "change_message": "new through import_export"}}, {"model": "admin.logentry", "pk": 278, "fields": {"action_time": "2022-10-29T11:23:12.704Z", "user": ["hio"], "content_type": ["services", "entity"], "object_id": "523", "object_repr": "مركز د سليمان أحمد عثمان بأسوان", "action_flag": 1, "change_message": "new through import_export"}}, {"model": "admin.logentry", "pk": 279, "fields": {"action_time": "2022-10-29T11:23:12.712Z", "user": ["hio"], "content_type": ["services", "entity"], "object_id": "524", "object_repr": "مركز درة النيل لجراحات العيون بأسوان", "action_flag": 1, "change_message": "new through import_export"}}, {"model": "admin.logentry", "pk": 280, "fields": {"action_time": "2022-10-29T11:23:12.719Z", "user": ["hio"], "content_type": ["services", "entity"], "object_id": "525", "object_repr": "رمد اسوان", "action_flag": 1, "change_message": "new through import_export"}}, {"model": "admin.logentry", "pk": 281, "fields": {"action_time": "2022-10-29T11:23:12.724Z", "user": ["hio"], "content_type": ["services", "entity"], "object_id": "526", "object_repr": "الصدر باسوان", "action_flag": 1, "change_message": "new through import_export"}}, {"model": "admin.logentry", "pk": 282, "fields": {"action_time": "2022-10-29T11:23:12.732Z", "user": ["hio"], "content_type": ["services", "entity"], "object_id": "527", "object_repr": "اسوان العسكري", "action_flag": 1, "change_message": "new through import_export"}}, {"model": "admin.logentry", "pk": 283, "fields": {"action_time": "2022-10-29T11:23:12.738Z", "user": ["hio"], "content_type": ["services", "entity"], "object_id": "528", "object_repr": "الصحه النفسيه باسوان", "action_flag": 1, "change_message": "new through import_export"}}, {"model": "admin.logentry", "pk": 284, "fields": {"action_time": "2022-10-29T11:23:12.744Z", "user": ["hio"], "content_type": ["services", "entity"], "object_id": "529", "object_repr": "وحده الغسيل الكلوي مستشفي الهلال الاحمر باسوان", "action_flag": 1, "change_message": "new through import_export"}}, {"model": "admin.logentry", "pk": 285, "fields": {"action_time": "2022-10-29T11:23:12.751Z", "user": ["hio"], "content_type": ["services", "entity"], "object_id": "530", "object_repr": "حميات اسوان", "action_flag": 1, "change_message": "new through import_export"}}, {"model": "admin.logentry", "pk": 286, "fields": {"action_time": "2022-10-29T11:23:12.757Z", "user": ["hio"], "content_type": ["services", "entity"], "object_id": "531", "object_repr": "مركز اسوان للعيون والليزر", "action_flag": 1, "change_message": "new through import_export"}}, {"model": "admin.logentry", "pk": 287, "fields": {"action_time": "2022-10-29T11:23:12.763Z", "user": ["hio"], "content_type": ["services", "entity"], "object_id": "532", "object_repr": "بنك الدم الإقليمي بأسوان", "action_flag": 1, "change_message": "new through import_export"}}, {"model": "admin.logentry", "pk": 288, "fields": {"action_time": "2022-10-29T11:23:12.769Z", "user": ["hio"], "content_type": ["services", "entity"], "object_id": "533", "object_repr": "البصيليه بحري بأسوان", "action_flag": 1, "change_message": "new through import_export"}}, {"model": "admin.logentry", "pk": 289, "fields": {"action_time": "2022-10-29T11:23:12.776Z", "user": ["hio"], "content_type": ["services", "entity"], "object_id": "534", "object_repr": "ابو سمبل المركزي", "action_flag": 1, "change_message": "new through import_export"}}, {"model": "admin.logentry", "pk": 290, "fields": {"action_time": "2022-10-29T11:23:12.783Z", "user": ["hio"], "content_type": ["services", "entity"], "object_id": "535", "object_repr": "التامين الصحي بأسوان", "action_flag": 1, "change_message": "new through import_export"}}, {"model": "admin.logentry", "pk": 291, "fields": {"action_time": "2022-10-29T11:23:12.788Z", "user": ["hio"], "content_type": ["services", "entity"], "object_id": "536", "object_repr": "معهد اورام اسوان", "action_flag": 1, "change_message": "new through import_export"}}, {"model": "admin.logentry", "pk": 292, "fields": {"action_time": "2022-10-29T11:23:12.794Z", "user": ["hio"], "content_type": ["services", "entity"], "object_id": "537", "object_repr": "معمل المختبر للتحاليل الطبيه", "action_flag": 1, "change_message": "new through import_export"}}, {"model": "admin.logentry", "pk": 293, "fields": {"action_time": "2022-10-29T11:23:12.801Z", "user": ["hio"], "content_type": ["services", "entity"], "object_id": "538", "object_repr": "معمل البرج للتحاليل الطبية", "action_flag": 1, "change_message": "new through import_export"}}, {"model": "admin.logentry", "pk": 294, "fields": {"action_time": "2022-10-29T11:23:12.807Z", "user": ["hio"], "content_type": ["services", "entity"], "object_id": "539", "object_repr": "معامل الفا لاب للتحاليل الطبية", "action_flag": 1, "change_message": "new through import_export"}}, {"model": "admin.logentry", "pk": 295, "fields": {"action_time": "2022-10-29T11:23:12.812Z", "user": ["hio"], "content_type": ["services", "entity"], "object_id": "540", "object_repr": "مستشفى شفاء الاورمان", "action_flag": 1, "change_message": "new through import_export"}}, {"model": "admin.logentry", "pk": 296, "fields": {"action_time": "2022-10-29T11:23:12.820Z", "user": ["hio"], "content_type": ["services", "entity"], "object_id": "541", "object_repr": "مركز لونت للبصريات", "action_flag": 1, "change_message": "new through import_export"}}, {"model": "admin.logentry", "pk": 297, "fields": {"action_time": "2022-10-29T11:23:12.826Z", "user": ["hio"], "content_type": ["services", "entity"], "object_id": "542", "object_repr": "مركز الشواربى للبصريات", "action_flag": 1, "change_message": "new through import_export"}}, {"model": "admin.logentry", "pk": 298, "fields": {"action_time": "2022-10-29T11:23:12.833Z", "user": ["hio"], "content_type": ["services", "entity"], "object_id": "543", "object_repr": "مركز نور العيون - اسوان", "action_flag": 1, "change_message": "new through import_export"}}, {"model": "admin.logentry", "pk": 299, "fields": {"action_time": "2022-10-29T11:23:12.840Z", "user": ["hio"], "content_type": ["services", "entity"], "object_id": "544", "object_repr": "مركز أسوان أسكان", "action_flag": 1, "change_message": "new through import_export"}}, {"model": "admin.logentry", "pk": 300, "fields": {"action_time": "2022-10-29T11:23:12.846Z", "user": ["hio"], "content_type": ["services", "entity"], "object_id": "545", "object_repr": "مستشفى المنار للعيون", "action_flag": 1, "change_message": "new through import_export"}}, {"model": "admin.logentry", "pk": 301, "fields": {"action_time": "2022-10-29T11:23:12.852Z", "user": ["hio"], "content_type": ["services", "entity"], "object_id": "546", "object_repr": "ايجى اسكان", "action_flag": 1, "change_message": "new through import_export"}}, {"model": "admin.logentry", "pk": 302, "fields": {"action_time": "2022-10-29T11:23:12.857Z", "user": ["hio"], "content_type": ["services", "entity"], "object_id": "547", "object_repr": "اسوان العام بالصداقه", "action_flag": 1, "change_message": "new through import_export"}}, {"model": "admin.logentry", "pk": 303, "fields": {"action_time": "2022-10-29T11:23:12.863Z", "user": ["hio"], "content_type": ["services", "entity"], "object_id": "548", "object_repr": "مستشفى ادفو المركزى", "action_flag": 1, "change_message": "new through import_export"}}, {"model": "admin.logentry", "pk": 304, "fields": {"action_time": "2022-10-29T11:23:12.870Z", "user": ["hio"], "content_type": ["services", "entity"], "object_id": "549", "object_repr": "مستشفى السباعية", "action_flag": 1, "change_message": "new through import_export"}}, {"model": "admin.logentry", "pk": 305, "fields": {"action_time": "2022-10-29T11:23:12.876Z", "user": ["hio"], "content_type": ["services", "entity"], "object_id": "550", "object_repr": "معهد ناصر للبحوث والعلاج", "action_flag": 1, "change_message": "new through import_export"}}, {"model": "admin.logentry", "pk": 306, "fields": {"action_time": "2022-10-29T11:23:12.882Z", "user": ["hio"], "content_type": ["services", "entity"], "object_id": "551", "object_repr": "مستشفى كوم امبو المركزى", "action_flag": 1, "change_message": "new through import_export"}}, {"model": "admin.logentry", "pk": 307, "fields": {"action_time": "2022-10-29T11:23:12.888Z", "user": ["hio"], "content_type": ["services", "entity"], "object_id": "552", "object_repr": "مستشفى نصر النوبة", "action_flag": 1, "change_message": "new through import_export"}}, {"model": "admin.logentry", "pk": 308, "fields": {"action_time": "2022-10-29T11:23:12.894Z", "user": ["hio"], "content_type": ["services", "entity"], "object_id": "553", "object_repr": "مستشفى دراو المركزى", "action_flag": 1, "change_message": "new through import_export"}}, {"model": "admin.logentry", "pk": 309, "fields": {"action_time": "2022-10-29T11:23:12.901Z", "user": ["hio"], "content_type": ["services", "entity"], "object_id": "554", "object_repr": "معامل د أمانى السمان", "action_flag": 1, "change_message": "new through import_export"}}, {"model": "admin.logentry", "pk": 310, "fields": {"action_time": "2022-10-29T11:23:12.908Z", "user": ["hio"], "content_type": ["services", "entity"], "object_id": "555", "object_repr": "مركز حورس للبصريات", "action_flag": 1, "change_message": "new through import_export"}}, {"model": "admin.logentry", "pk": 311, "fields": {"action_time": "2022-10-29T11:23:12.914Z", "user": ["hio"], "content_type": ["services", "entity"], "object_id": "556", "object_repr": "مركز النيل للاشعة والتحاليل باسوان", "action_flag": 1, "change_message": "new through import_export"}}, {"model": "admin.logentry", "pk": 312, "fields": {"action_time": "2022-10-29T11:23:12.920Z", "user": ["hio"], "content_type": ["services", "entity"], "object_id": "557", "object_repr": "معامل رويال لاب", "action_flag": 1, "change_message": "new through import_export"}}, {"model": "admin.logentry", "pk": 313, "fields": {"action_time": "2022-10-29T11:23:12.926Z", "user": ["hio"], "content_type": ["services", "entity"], "object_id": "558", "object_repr": "أسوان لاب", "action_flag": 1, "change_message": "new through import_export"}}, {"model": "admin.logentry", "pk": 314, "fields": {"action_time": "2022-10-29T11:23:12.931Z", "user": ["hio"], "content_type": ["services", "entity"], "object_id": "559", "object_repr": "مركزطيبة للاشعة", "action_flag": 1, "change_message": "new through import_export"}}, {"model": "admin.logentry", "pk": 315, "fields": {"action_time": "2022-10-29T11:23:12.937Z", "user": ["hio"], "content_type": ["services", "entity"], "object_id": "560", "object_repr": "دار الاشعة - اسوان", "action_flag": 1, "change_message": "new through import_export"}}, {"model": "admin.logentry", "pk": 316, "fields": {"action_time": "2022-10-29T11:23:12.943Z", "user": ["hio"], "content_type": ["services", "entity"], "object_id": "561", "object_repr": "مركز كتاركتا", "action_flag": 1, "change_message": "new through import_export"}}, {"model": "admin.logentry", "pk": 317, "fields": {"action_time": "2022-10-29T11:23:12.949Z", "user": ["hio"], "content_type": ["services", "entity"], "object_id": "562", "object_repr": "عين شمس الجامعي", "action_flag": 1, "change_message": "new through import_export"}}, {"model": "admin.logentry", "pk": 318, "fields": {"action_time": "2022-10-29T11:23:12.955Z", "user": ["hio"], "content_type": ["services", "entity"], "object_id": "563", "object_repr": "الاطفال جامعة عين شمس", "action_flag": 1, "change_message": "new through import_export"}}, {"model": "admin.logentry", "pk": 319, "fields": {"action_time": "2022-10-29T11:23:12.962Z", "user": ["hio"], "content_type": ["services", "entity"], "object_id": "564", "object_repr": "التأهيل الإجتماعي لذوي الإحتياجات بأسوان", "action_flag": 1, "change_message": "new through import_export"}}, {"model": "admin.logentry", "pk": 320, "fields": {"action_time": "2022-10-29T11:23:12.968Z", "user": ["hio"], "content_type": ["services", "entity"], "object_id": "565", "object_repr": "دار الاشعة - اسوان", "action_flag": 1, "change_message": "new through import_export"}}, {"model": "admin.logentry", "pk": 321, "fields": {"action_time": "2022-10-29T11:23:12.974Z", "user": ["hio"], "content_type": ["services", "entity"], "object_id": "566", "object_repr": "ايجى اسكان", "action_flag": 1, "change_message": "new through import_export"}}, {"model": "admin.logentry", "pk": 322, "fields": {"action_time": "2022-10-29T11:23:12.980Z", "user": ["hio"], "content_type": ["services", "entity"], "object_id": "567", "object_repr": "ايجى اسكان", "action_flag": 1, "change_message": "new through import_export"}}, {"model": "admin.logentry", "pk": 323, "fields": {"action_time": "2022-10-29T11:23:12.987Z", "user": ["hio"], "content_type": ["services", "entity"], "object_id": "568", "object_repr": "اسنا التخصصي", "action_flag": 1, "change_message": "new through import_export"}}, {"model": "admin.logentry", "pk": 324, "fields": {"action_time": "2022-10-29T11:23:12.993Z", "user": ["hio"], "content_type": ["services", "entity"], "object_id": "569", "object_repr": "معامل د أمانى السمان", "action_flag": 1, "change_message": "new through import_export"}}, {"model": "admin.logentry", "pk": 325, "fields": {"action_time": "2022-10-29T11:23:13.004Z", "user": ["hio"], "content_type": ["services", "entity"], "object_id": "570", "object_repr": "مركز النيل للاشعة", "action_flag": 1, "change_message": "new through import_export"}}, {"model": "admin.logentry", "pk": 326, "fields": {"action_time": "2022-10-29T11:23:13.011Z", "user": ["hio"], "content_type": ["services", "entity"], "object_id": "571", "object_repr": "مستشفى الأطفال جامعة اسيوط", "action_flag": 1, "change_message": "new through import_export"}}, {"model": "admin.logentry", "pk": 327, "fields": {"action_time": "2022-10-29T11:23:13.017Z", "user": ["hio"], "content_type": ["services", "entity"], "object_id": "572", "object_repr": "مستشفى جامعة اسيوط التخصصي", "action_flag": 1, "change_message": "new through import_export"}}, {"model": "admin.logentry", "pk": 328, "fields": {"action_time": "2022-10-29T11:23:13.024Z", "user": ["hio"], "content_type": ["services", "entity"], "object_id": "573", "object_repr": "القلب وجراحاته بجامعة اسيوط", "action_flag": 1, "change_message": "new through import_export"}}, {"model": "admin.logentry", "pk": 329, "fields": {"action_time": "2022-10-29T11:23:13.032Z", "user": ["hio"], "content_type": ["services", "entity"], "object_id": "574", "object_repr": "الراجحي الجامعي للكبد باسيوط", "action_flag": 1, "change_message": "new through import_export"}}, {"model": "admin.logentry", "pk": 330, "fields": {"action_time": "2022-10-29T11:23:13.037Z", "user": ["hio"], "content_type": ["services", "entity"], "object_id": "575", "object_repr": "الاقصر الدولي", "action_flag": 1, "change_message": "new through import_export"}}, {"model": "admin.logentry", "pk": 331, "fields": {"action_time": "2022-10-29T11:23:13.043Z", "user": ["hio"], "content_type": ["services", "entity"], "object_id": "576", "object_repr": "مستشفى الكرنك الدولى - الاقصر العام سابقا", "action_flag": 1, "change_message": "new through import_export"}}, {"model": "admin.logentry", "pk": 332, "fields": {"action_time": "2022-10-29T11:23:13.049Z", "user": ["hio"], "content_type": ["services", "entity"], "object_id": "577", "object_repr": "مركز صحتى الطبى", "action_flag": 1, "change_message": "new through import_export"}}, {"model": "admin.logentry", "pk": 333, "fields": {"action_time": "2022-10-29T11:23:13.055Z", "user": ["hio"], "content_type": ["services", "entity"], "object_id": "578", "object_repr": "الشيخ زايد التخصصي", "action_flag": 1, "change_message": "new through import_export"}}, {"model": "admin.logentry", "pk": 334, "fields": {"action_time": "2022-10-29T11:23:13.061Z", "user": ["hio"], "content_type": ["services", "entity"], "object_id": "579", "object_repr": "سوهاج الجامعي", "action_flag": 1, "change_message": "new through import_export"}}, {"model": "admin.logentry", "pk": 335, "fields": {"action_time": "2022-10-29T11:23:13.066Z", "user": ["hio"], "content_type": ["services", "entity"], "object_id": "580", "object_repr": "المركز القومى للبحوث", "action_flag": 1, "change_message": "new through import_export"}}, {"model": "admin.logentry", "pk": 336, "fields": {"action_time": "2022-10-29T11:23:13.072Z", "user": ["hio"], "content_type": ["services", "entity"], "object_id": "581", "object_repr": "الاطفال التخصصي بنها", "action_flag": 1, "change_message": "new through import_export"}}, {"model": "admin.logentry", "pk": 337, "fields": {"action_time": "2022-10-29T11:23:13.079Z", "user": ["hio"], "content_type": ["services", "entity"], "object_id": "582", "object_repr": "مستشفي ابو الريش الياباني", "action_flag": 1, "change_message": "new through import_export"}}, {"model": "admin.logentry", "pk": 338, "fields": {"action_time": "2022-10-29T11:23:13.086Z", "user": ["hio"], "content_type": ["services", "entity"], "object_id": "583", "object_repr": "قنا الجامعي", "action_flag": 1, "change_message": "new through import_export"}}, {"model": "admin.logentry", "pk": 339, "fields": {"action_time": "2022-10-29T11:23:13.093Z", "user": ["hio"], "content_type": ["services", "entity"], "object_id": "584", "object_repr": "مستشفى الشرطة باسيوط", "action_flag": 1, "change_message": "new through import_export"}}, {"model": "admin.logentry", "pk": 340, "fields": {"action_time": "2022-10-29T11:23:13.099Z", "user": ["hio"], "content_type": ["services", "entity"], "object_id": "585", "object_repr": "57357", "action_flag": 1, "change_message": "new through import_export"}}, {"model": "admin.logentry", "pk": 341, "fields": {"action_time": "2022-10-29T11:23:13.105Z", "user": ["hio"], "content_type": ["services", "entity"], "object_id": "586", "object_repr": "مستشفى صدر العباسية", "action_flag": 1, "change_message": "new through import_export"}}, {"model": "admin.logentry", "pk": 342, "fields": {"action_time": "2022-10-29T11:23:13.111Z", "user": ["hio"], "content_type": ["services", "entity"], "object_id": "587", "object_repr": "مستشفى الصحة النفسية بالعباسية", "action_flag": 1, "change_message": "new through import_export"}}, {"model": "admin.logentry", "pk": 343, "fields": {"action_time": "2022-10-29T11:23:13.118Z", "user": ["hio"], "content_type": ["services", "entity"], "object_id": "588", "object_repr": "معهد اورام سوهاج", "action_flag": 1, "change_message": "new through import_export"}}, {"model": "admin.logentry", "pk": 344, "fields": {"action_time": "2022-10-29T11:23:13.125Z", "user": ["hio"], "content_type": ["services", "entity"], "object_id": "589", "object_repr": "مركز الماسة للعيون والليزر", "action_flag": 1, "change_message": "new through import_export"}}, {"model": "admin.logentry", "pk": 345, "fields": {"action_time": "2022-10-29T11:23:13.131Z", "user": ["hio"], "content_type": ["services", "entity"], "object_id": "590", "object_repr": "مركز حضانات العقاد", "action_flag": 1, "change_message": "new through import_export"}}, {"model": "admin.logentry", "pk": 346, "fields": {"action_time": "2022-10-29T11:23:13.137Z", "user": ["hio"], "content_type": ["services", "entity"], "object_id": "591", "object_repr": "ارمنت التخصصي", "action_flag": 1, "change_message": "new through import_export"}}, {"model": "admin.logentry", "pk": 347, "fields": {"action_time": "2022-10-29T11:23:13.143Z", "user": ["hio"], "content_type": ["services", "entity"], "object_id": "592", "object_repr": "معهد القومي للأورام", "action_flag": 1, "change_message": "new through import_export"}}, {"model": "admin.logentry", "pk": 348, "fields": {"action_time": "2022-10-29T11:23:13.150Z", "user": ["hio"], "content_type": ["services", "entity"], "object_id": "593", "object_repr": "اطفال مصر", "action_flag": 1, "change_message": "new through import_export"}}, {"model": "admin.logentry", "pk": 349, "fields": {"action_time": "2022-10-29T11:23:13.157Z", "user": ["hio"], "content_type": ["services", "entity"], "object_id": "594", "object_repr": "مستشفي السلام الدولي - بالمعادى", "action_flag": 1, "change_message": "new through import_export"}}, {"model": "admin.logentry", "pk": 350, "fields": {"action_time": "2022-10-29T11:23:13.166Z", "user": ["hio"], "content_type": ["services", "entity"], "object_id": "595", "object_repr": "مركز اورام دار السلام", "action_flag": 1, "change_message": "new through import_export"}}, {"model": "admin.logentry", "pk": 351, "fields": {"action_time": "2022-10-29T11:23:13.171Z", "user": ["hio"], "content_type": ["services", "entity"], "object_id": "596", "object_repr": "اسيوط الجامعي", "action_flag": 1, "change_message": "new through import_export"}}, {"model": "admin.logentry", "pk": 352, "fields": {"action_time": "2022-10-29T11:23:13.178Z", "user": ["hio"], "content_type": ["services", "entity"], "object_id": "597", "object_repr": "معهد جنوب مصر الاورام", "action_flag": 1, "change_message": "new through import_export"}}, {"model": "admin.logentry", "pk": 353, "fields": {"action_time": "2022-10-29T11:23:13.185Z", "user": ["hio"], "content_type": ["services", "entity"], "object_id": "598", "object_repr": "المنيل الجامعي", "action_flag": 1, "change_message": "new through import_export"}}, {"model": "admin.logentry", "pk": 354, "fields": {"action_time": "2022-10-29T11:23:13.192Z", "user": ["hio"], "content_type": ["services", "entity"], "object_id": "599", "object_repr": "كفر شكر المركزي", "action_flag": 1, "change_message": "new through import_export"}}, {"model": "admin.logentry", "pk": 355, "fields": {"action_time": "2022-10-29T11:23:13.198Z", "user": ["hio"], "content_type": ["services", "entity"], "object_id": "600", "object_repr": "عين شمس التخصصي", "action_flag": 1, "change_message": "new through import_export"}}, {"model": "admin.logentry", "pk": 356, "fields": {"action_time": "2022-10-29T11:23:13.204Z", "user": ["hio"], "content_type": ["services", "entity"], "object_id": "601", "object_repr": "الاطفال جامعه القاهره أبو الريش", "action_flag": 1, "change_message": "new through import_export"}}, {"model": "admin.logentry", "pk": 357, "fields": {"action_time": "2022-10-29T11:23:13.212Z", "user": ["hio"], "content_type": ["services", "entity"], "object_id": "602", "object_repr": "المنيل الجامعي التخصصي", "action_flag": 1, "change_message": "new through import_export"}}, {"model": "admin.logentry", "pk": 358, "fields": {"action_time": "2022-10-29T11:23:13.219Z", "user": ["hio"], "content_type": ["services", "entity"], "object_id": "603", "object_repr": "مستشفى العديسات التخصصى للاطفال -الاقصر", "action_flag": 1, "change_message": "new through import_export"}}, {"model": "admin.logentry", "pk": 359, "fields": {"action_time": "2022-10-29T11:23:13.225Z", "user": ["hio"], "content_type": ["services", "entity"], "object_id": "604", "object_repr": "حميات قنا", "action_flag": 1, "change_message": "new through import_export"}}, {"model": "admin.logentry", "pk": 360, "fields": {"action_time": "2022-10-29T11:23:13.231Z", "user": ["hio"], "content_type": ["services", "entity"], "object_id": "605", "object_repr": "الهلال برمسيس", "action_flag": 1, "change_message": "new through import_export"}}, {"model": "admin.logentry", "pk": 361, "fields": {"action_time": "2022-10-29T11:23:13.237Z", "user": ["hio"], "content_type": ["services", "entity"], "object_id": "606", "object_repr": "مستشفى ايزيس التخصصي للنسا والتوليد", "action_flag": 1, "change_message": "new through import_export"}}, {"model": "admin.logentry", "pk": 362, "fields": {"action_time": "2022-10-29T11:23:13.243Z", "user": ["hio"], "content_type": ["services", "entity"], "object_id": "607", "object_repr": "مستشفى جامعة القاهرة", "action_flag": 1, "change_message": "new through import_export"}}, {"model": "admin.logentry", "pk": 363, "fields": {"action_time": "2022-10-29T11:23:13.251Z", "user": ["hio"], "content_type": ["services", "entity"], "object_id": "608", "object_repr": "مدينه نصر للتامين الصحي", "action_flag": 1, "change_message": "new through import_export"}}, {"model": "admin.logentry", "pk": 364, "fields": {"action_time": "2022-10-29T11:23:13.259Z", "user": ["hio"], "content_type": ["services", "entity"], "object_id": "609", "object_repr": "الزهراء الجامعي", "action_flag": 1, "change_message": "new through import_export"}}, {"model": "admin.logentry", "pk": 365, "fields": {"action_time": "2022-10-29T11:23:13.266Z", "user": ["hio"], "content_type": ["services", "entity"], "object_id": "610", "object_repr": "المعهد القومي للكلي والمسالك بالمطريه", "action_flag": 1, "change_message": "new through import_export"}}, {"model": "admin.logentry", "pk": 366, "fields": {"action_time": "2022-10-29T11:23:13.272Z", "user": ["hio"], "content_type": ["services", "entity"], "object_id": "611", "object_repr": "الحسين الجامعي", "action_flag": 1, "change_message": "new through import_export"}}, {"model": "admin.logentry", "pk": 367, "fields": {"action_time": "2022-10-29T11:23:13.280Z", "user": ["hio"], "content_type": ["services", "entity"], "object_id": "612", "object_repr": "القصر العيني التعليمي الجديد", "action_flag": 1, "change_message": "new through import_export"}}, {"model": "admin.logentry", "pk": 368, "fields": {"action_time": "2022-10-29T11:23:13.287Z", "user": ["hio"], "content_type": ["services", "entity"], "object_id": "613", "object_repr": "جامعه الازهر باسيوط", "action_flag": 1, "change_message": "new through import_export"}}, {"model": "admin.logentry", "pk": 369, "fields": {"action_time": "2022-10-29T11:23:13.294Z", "user": ["hio"], "content_type": ["services", "entity"], "object_id": "614", "object_repr": "جامعة قناة السويس", "action_flag": 1, "change_message": "new through import_export"}}, {"model": "admin.logentry", "pk": 370, "fields": {"action_time": "2022-10-29T11:23:13.299Z", "user": ["hio"], "content_type": ["services", "entity"], "object_id": "615", "object_repr": "وحدة علاج الفيروسات الكبدية بمعهد الكبد القومي بالمنوفيه", "action_flag": 1, "change_message": "new through import_export"}}, {"model": "admin.logentry", "pk": 371, "fields": {"action_time": "2022-10-29T11:23:13.305Z", "user": ["hio"], "content_type": ["services", "entity"], "object_id": "616", "object_repr": "الغردقه العام", "action_flag": 1, "change_message": "new through import_export"}}, {"model": "admin.logentry", "pk": 372, "fields": {"action_time": "2022-10-29T11:23:13.311Z", "user": ["hio"], "content_type": ["services", "entity"], "object_id": "617", "object_repr": "مركز اورام سوهاج العسكري", "action_flag": 1, "change_message": "new through import_export"}}, {"model": "admin.logentry", "pk": 373, "fields": {"action_time": "2022-10-29T11:23:13.317Z", "user": ["hio"], "content_type": ["services", "entity"], "object_id": "618", "object_repr": "قنا العام", "action_flag": 1, "change_message": "new through import_export"}}, {"model": "admin.logentry", "pk": 374, "fields": {"action_time": "2022-10-29T11:23:13.323Z", "user": ["hio"], "content_type": ["services", "entity"], "object_id": "619", "object_repr": "مركز امراض الكلي والمسالك بالمنصوره", "action_flag": 1, "change_message": "new through import_export"}}, {"model": "admin.logentry", "pk": 375, "fields": {"action_time": "2022-10-29T11:39:24.457Z", "user": ["hio"], "content_type": ["services", "ayadat"], "object_id": "16", "object_repr": "عيادة اسوان الشاملة - التاهيل - المسائيه", "action_flag": 1, "change_message": "[{\"added\": {}}]"}}, {"model": "admin.logentry", "pk": 376, "fields": {"action_time": "2022-10-29T11:40:00.920Z", "user": ["hio"], "content_type": ["services", "ayadat"], "object_id": "17", "object_repr": "عيادة اسوان الشاملة - الاوقاف - المسائيه", "action_flag": 1, "change_message": "[{\"added\": {}}]"}}, {"model": "admin.logentry", "pk": 377, "fields": {"action_time": "2022-10-29T11:40:50.536Z", "user": ["hio"], "content_type": ["services", "ayadat"], "object_id": "18", "object_repr": "عيادة ادفو الشاملة", "action_flag": 1, "change_message": "[{\"added\": {}}]"}}, {"model": "admin.logentry", "pk": 378, "fields": {"action_time": "2022-10-29T17:21:49.248Z", "user": ["hio"], "content_type": ["services", "servicemainclass"], "object_id": "1", "object_repr": "تحاليل", "action_flag": 1, "change_message": "[{\"added\": {}}]"}}, {"model": "admin.logentry", "pk": 379, "fields": {"action_time": "2022-10-29T17:30:35.095Z", "user": ["hio"], "content_type": ["services", "servicesubclass"], "object_id": "1", "object_repr": "المعامل - امراض الدم", "action_flag": 1, "change_message": "[{\"added\": {}}]"}}, {"model": "admin.logentry", "pk": 380, "fields": {"action_time": "2022-10-29T17:31:07.202Z", "user": ["hio"], "content_type": ["services", "service"], "object_id": "1", "object_repr": "CBC", "action_flag": 1, "change_message": "[{\"added\": {}}]"}}, {"model": "admin.logentry", "pk": 381, "fields": {"action_time": "2022-10-30T07:11:01.862Z", "user": ["hio"], "content_type": ["services", "letter"], "object_id": "1", "object_repr": "محمد حسن على حسين", "action_flag": 2, "change_message": "[{\"changed\": {\"fields\": [\"\\u0627\\u0633\\u0645 \\u0627\\u0644\\u0645\\u0631\\u064a\\u0636 \\u062b\\u0644\\u0627\\u062b\\u0649\", \"\\u0648\\u0635\\u0641 \\u0627\\u0644\\u062d\\u0627\\u0644\\u0629\", \"\\u0645\\u0633\\u0626\\u0648\\u0644 \\u0627\\u0644\\u062a\\u0633\\u062c\\u064a\\u0644\"]}}]"}}, {"model": "admin.logentry", "pk": 382, "fields": {"action_time": "2022-10-30T07:20:41.799Z", "user": ["hio"], "content_type": ["services", "letter"], "object_id": "1", "object_repr": "محمد حسن على حسين", "action_flag": 2, "change_message": "[{\"changed\": {\"fields\": [\"\\u0648\\u0635\\u0641 \\u0627\\u0644\\u062d\\u0627\\u0644\\u0629\"]}}]"}}, {"model": "admin.logentry", "pk": 383, "fields": {"action_time": "2022-10-30T07:26:54.921Z", "user": ["hio"], "content_type": ["services", "letter"], "object_id": "1", "object_repr": "محمد حسن على حسين", "action_flag": 2, "change_message": "[{\"changed\": {\"fields\": [\"\\u0648\\u0635\\u0641 \\u0627\\u0644\\u062d\\u0627\\u0644\\u0629\"]}}]"}}, {"model": "admin.logentry", "pk": 384, "fields": {"action_time": "2022-10-30T07:41:20.307Z", "user": ["hio"], "content_type": ["services", "letter"], "object_id": "1", "object_repr": "محمد حسن على حسين", "action_flag": 2, "change_message": "[{\"changed\": {\"fields\": [\"\\u0648\\u0635\\u0641 \\u0627\\u0644\\u062d\\u0627\\u0644\\u0629\"]}}]"}}]